case 1 4 0 11
o -1.15201863953665162e-1 -8.23585299376948132e-1 9.30046131501520712e-2 -7.11973305459444372e-1
lse 6.29086152628854367e-2
dq 0.00000000000000000e0 0.00000000000000000e0 0.00000000000000000e0 0.00000000000000000e0
dk 0.00000000000000000e0 0.00000000000000000e0 0.00000000000000000e0 0.00000000000000000e0
dv -6.62959777203598222e-1 1.77039989866082381e-1 -6.03895295154609268e-1 -5.24753470400460609e-1
case 5 8 0 12
o -1.56080842842674511e-1 -4.70221661931637280e-1 1.15437442588968934e-2 -1.75812704897225364e-1 -6.22545088520862544e-1 4.44265383421348845e-2 -3.33900540017114944e-2 -1.55649073012127437e-1 -7.74562881830666017e-2 -4.83125856139870025e-1 6.40524478289245663e-2 -2.35427085476348386e-1 -6.50937122791227396e-1 4.91249465855759203e-3 -1.16684598374616449e-1 -1.87317157281114782e-1 -1.25612162015454804e-1 -4.52795835596256857e-1 4.53969928534065162e-2 -2.66705658910614762e-1 -6.69702804654083383e-1 6.29424748455147537e-2 -1.19915754565917632e-1 -1.73299335977040475e-1 -1.63549977078195491e-1 -4.94087232910896401e-1 2.94656101661030763e-3 -1.19200877469183703e-1 -6.14828061131157400e-1 1.39361278325399671e-2 -6.53115710311933870e-3 -1.25331600345491345e-1 -5.96932957642837062e-2 -5.50512394570379260e-1 7.30553164345899841e-2 -7.70190077283131880e-2 -5.87975324947356381e-1 -7.93844915807997015e-2 4.15907279508652417e-3 -2.29725727638889932e-1
lse 1.69207676863848011e0 1.75424656437051496e0 1.58493743413639310e0 1.43982756020693037e0 1.81076906210423827e0
dq -9.57563705088817774e-2 -5.59763007990976558e-2 -4.28897411315595518e-3 -1.09713494332123185e-1 2.22095895293981695e-2 8.10317142415260261e-2 -3.17994649420358516e-2 -3.67693369870356959e-2 -2.57280157639935766e-2 -8.13398458456964478e-3 2.64913366087121465e-3 -3.62457399744059092e-2 -1.25477377581973450e-2 1.47024769534129830e-2 -1.10609725565344458e-2 -1.67916496436490044e-2 3.46931028831388780e-2 4.82282472100832027e-2 -1.53551203139289435e-2 1.16878640177867938e-2 -6.21958065876287297e-2 -3.59958163046053964e-2 2.19504863327665868e-2 3.24137625928914361e-2 -1.79622116123354415e-2 -5.75435216337690653e-2 2.69450239013433804e-2 8.94332330832443984e-2 1.68510613974401841e-1 6.43846291037094565e-2 -1.94473518454754100e-2 -2.33067071041617169e-2 4.09586930991647571e-2 6.55761201212500811e-2 -1.15419349654330948e-2 3.62928403310855893e-2 -6.19469199231790016e-2 -3.41056714777136921e-2 2.33789127890914501e-2 3.41856001017438182e-2
dk -1.71288563652004303e-2 6.87306278324465308e-2 -1.43275470548247016e-2 -2.37782686769686356e-2 9.40028395908277248e-2 -2.85358312047082480e-2 -2.32879575694073318e-2 9.44640628834030327e-2 -1.50037238691274250e-1 -8.79701142805351249e-2 1.18208548183290921e-1 -5.73198745107044716e-2 -6.19422470829085400e-2 -8.58095729280588526e-2 -1.72013590456233522e-3 -4.95483829374839396e-2 -8.38908746974269398e-2 1.21746080490767426e-2 4.49806154587574086e-2 -3.20949139591822849e-2 6.84558324694224674e-2 -3.57210144827624643e-2 1.88639654118964630e-3 6.33573579152934135e-2 2.07839379230853855e-1 -3.68612458623605796e-2 -9.73578335892152091e-2 7.08931908917219550e-2 -1.54510701294230390e-1 1.11486083024364330e-1 2.08553820195856027e-2 -1.56643816428358756e-1 4.32175905230477234e-2 4.39261242613723860e-2 -5.15037829980083475e-2 4.22998662551334545e-2 5.39942763168887452e-2 3.85803355911652490e-2 2.26631491319447161e-3 4.83707785671462498e-2
dv 5.46849607547095773e-2 -5.24233576319790562e-2 5.51722766726771771e-2 4.38951997097056235e-3 3.26610140136311622e-1 2.32408639377068932e-1 1.49810737742671923e-1 6.91097710132835691e-2 -4.38721012071561639e-2 -1.08908543935075874e-1 -9.22073498113525070e-4 -4.04227736089274800e-2 2.66610657861311440e-1 2.75301492772570378e-1 1.39198478140661247e-1 9.05872455185782188e-2 1.77794672084667926e-2 -9.98301193318845564e-2 4.85351162347842785e-2 5.51422233334152717e-3 2.96034449805643640e-1 2.76639083142923847e-1 2.11640289263552689e-1 9.11202387085210674e-2 1.12730991826233695e-1 -7.73003317964646303e-2 1.32964026290988940e-1 1.18776895125489723e-2 3.59076522332253956e-1 2.25439290410868132e-1 2.07475576894596503e-1 1.08881302706843708e-1 3.34588970533652441e-2 -8.89769812862089282e-2 8.39570591123235677e-3 -1.02533871471331278e-1 4.06226701227956621e-1 2.94736735284267859e-1 5.48384687098703132e-3 1.13008450748719888e-1
case 5 8 1 13
o -3.34907893376109600e-1 -5.13950069579863777e-1 4.55758292784431696e-1 -7.41582554394490723e-1 -3.71126628929521418e-1 9.20916326748955072e-1 -6.74485378904163824e-2 3.36102007776416745e-1 -3.04629855143618788e-1 2.81865194825632770e-1 -2.67376913526162385e-1 3.23697432572787658e-1 -6.11327010058914433e-1 -3.42771750566439604e-2 5.36037827079566598e-1 -3.65254476141929574e-1 -4.29631361709010909e-2 1.94500227874057213e-1 -2.02605224918292123e-2 4.94612360457146460e-1 -5.67755303727145444e-1 -2.10170995548614771e-2 5.00627628597432595e-1 -5.36242098723621941e-1 7.70278556546085680e-2 -2.41608949483549773e-1 1.36082405467998158e-1 1.38277969936419498e-1 -4.69247330249282113e-1 -1.37829613008133262e-1 5.49346574311483149e-1 -6.85462959095545110e-1 -2.75200778036581648e-2 -4.00332866741587509e-2 -1.95755353112981034e-1 2.14927263703425103e-1 -5.59223779847449531e-1 -2.81425337151315902e-1 3.57076121307460359e-1 -3.66449157208295295e-1
lse 1.65018816036607313e-1 5.73036318014867097e-1 9.07885459265428629e-1 1.05442854741482694e0 1.40538007826494415e0
dq 0.00000000000000000e0 0.00000000000000000e0 0.00000000000000000e0 0.00000000000000000e0 0.00000000000000000e0 0.00000000000000000e0 0.00000000000000000e0 0.00000000000000000e0 -3.54524507400256206e-1 -2.58063913431113512e-1 -1.10691256871455618e-1 -5.37179151419317144e-2 -5.85829221318081780e-2 -2.71214990269241674e-1 -5.80946596334129886e-2 3.63905839955884991e-1 4.51210031382994203e-2 1.28834992581173505e-3 5.63537755916015126e-2 -1.95066047799942917e-2 -2.55152302939945889e-2 1.85411114858835095e-2 2.71995520032739706e-3 -1.78941116391764278e-2 -6.70699576974986833e-2 -1.21315157355875156e-1 3.95090752487846503e-2 -3.03586188046465547e-2 -5.21332581184134267e-2 -6.33361098667351713e-2 -1.22813730541883308e-2 1.10181325468950389e-1 -1.09485415719773271e-1 -2.38870814460699285e-2 1.07036274018321061e-2 -6.19270835209900991e-2 -3.92434529094432064e-2 -1.05769960117128636e-1 4.22547856993065740e-2 1.37146394489365137e-1
dk 1.60054707451250194e-1 -1.86487540201722923e-1 -6.74809610200158977e-2 -3.00389048452831875e-1 1.83430688819722187e-1 1.55246899981511144e-1 1.37010013949373261e-1 -4.90466375297705023e-2 -2.96063157465897231e-1 7.04979137431595432e-2 -7.93914132259500391e-4 2.38726775193384144e-1 -4.14983499535079778e-2 -2.59973167453486254e-1 -2.11002894290428844e-1 4.85688284509339166e-2 5.19066790775328940e-2 4.18042959137059078e-2 1.71361830308843811e-2 -3.95246905070924179e-2 -7.72341574085833177e-2 1.42487606893733059e-2 2.65167810255009274e-2 4.13526449199760199e-2 2.77983528304639044e-2 2.66007230405549688e-2 1.95220455209126308e-2 5.63396465330561688e-2 -1.75376467195929031e-2 4.18389782843523114e-2 1.46811361640235803e-2 -2.32304410349848528e-2 5.63034181066502312e-2 4.75846075043024827e-2 3.16166466004783805e-2 4.48473172334840076e-2 -4.71605347380379819e-2 4.86385284982494559e-2 3.27949631515310827e-2 -1.76443948061545813e-2
dv 1.04514337596162132e0 -1.47001834693278632e0 8.27512669308925752e-2 7.65476962503976455e-2 9.23881342118529486e-2 1.32824817878183166e0 6.04025451678547265e-1 -7.02485971382546759e-1 5.42433221651859809e-1 -9.81968589773008160e-1 -3.19387636950166753e-1 -3.32151194024944973e-1 5.44329113111915897e-1 6.44538039394652040e-1 -1.08411893654299013e-1 -6.21713536277671786e-1 2.76414255284954558e-1 -3.12647544338380379e-1 -2.30761291064562418e-1 1.43575798834914559e-1 1.39768335488558049e-1 3.99609611043822976e-1 -9.53304592517168758e-2 -3.19719396641060416e-1 1.77933755967901785e-1 -1.03243451684417481e-1 -2.23880771073206551e-2 -8.28273261477322775e-2 2.94941153304986825e-1 1.70131032270008697e-1 -1.35223747003027805e-1 -1.88035781851898953e-1 1.36891497053441252e-1 -6.87867553347167177e-2 -2.14176040938258321e-4 -8.93584573301789559e-2 1.72141857507967289e-1 -1.71694063369749295e-1 6.26881932861929336e-2 9.77876073096429071e-2
case 12 16 0 14
o 3.41704214768278128e-2 -2.46187299927475178e-1 1.83807118968759148e-1 8.89125825468989467e-2 3.10824338745550807e-2 -3.43690899820352502e-2 -1.80132468521673139e-1 3.03646282180147081e-2 3.47097190771190112e-1 -1.73670290021990636e-1 -2.70277666440559214e-2 -4.86066546383370143e-2 -1.21807622549490721e-1 -2.23115834040973432e-1 -1.15862236528391616e-1 1.67666701205456320e-1 1.86290385739619792e-2 -2.66728112827964492e-1 1.31004364908558713e-1 2.86066589795656127e-2 1.02791045161937211e-1 -5.61496822573999549e-2 -1.81870773929398155e-1 -5.17272346846699357e-2 3.34299376107707380e-1 -1.50849446215527178e-1 -9.22455128867233701e-3 -8.87232873551829261e-3 -1.74773802912400633e-1 -2.28356008835472746e-1 -8.91131860500845863e-2 1.79092347844878014e-1 4.17496748763112671e-2 -2.89520618237023242e-1 1.33535806063506346e-1 1.12370765124137142e-2 3.43939115782044211e-2 -4.04109190230893395e-2 -1.59855183745231916e-1 -1.73933827314305400e-2 3.02221894680128111e-1 -1.35998071259910980e-1 -1.10341629195570043e-1 -2.13932067240773967e-2 -1.08650233054723738e-1 -2.87992321687676356e-1 -2.76270251523740504e-2 1.05704426689076827e-1 6.60615146729371799e-2 -3.05405508845999429e-1 1.44111534176987577e-1 6.71212780017823446e-2 -3.52761408915574434e-2 -4.53018211837499518e-2 -1.23088641722775019e-1 -2.05328812186666536e-2 3.22770012004653772e-1 -1.43038138228930578e-1 -1.05177312347972327e-2 1.00886682248206095e-3 -1.30759423002143799e-1 -2.22366012135806951e-1 -6.38605087226540025e-2 1.97444804250818839e-1 -4.15333729611119390e-2 -2.33091261476447376e-1 1.64758852989028676e-1 6.57790327141227482e-2 3.50017987126492805e-2 1.17023462641226822e-3 -2.03899120850293852e-1 2.37890027449777115e-2 3.28585941433097994e-1 -2.38060967464395090e-1 -1.28565699360165368e-2 -1.40803458619273542e-1 -1.59955859842938308e-1 -2.82544639307324041e-1 3.67680371196833916e-2 1.25022560931516619e-1 7.62449102225443154e-2 -3.20697662044748533e-1 1.23707558367340556e-1 1.27548906104587911e-1 8.48350465611169974e-2 -5.59386974867082457e-2 -1.69719935388292109e-1 -3.19648067762075315e-3 4.06601498752789670e-1 -1.74519634206902946e-1 1.35743520191550140e-2 -8.53164062317208205e-2 -1.33643182324148929e-1 -2.57443294382029231e-1 -1.38689943934936138e-1 2.44673148518582850e-1 6.68508392896949716e-2 -2.51634989309761359e-1 1.89604688035536123e-1 6.69620265525280728e-2 8.93807899648730100e-3 -8.72940828659836826e-2 -1.55032493338827543e-1 4.77571520562021339e-3 3.44794987023728849e-1 -1.72040527950411526e-1 -7.73937276125154922e-2 -1.46352180755853559e-2 -1.15087754796269898e-1 -2.62632939332077597e-1 -1.06534478016162740e-1 1.71298185822155724e-1 6.82952707255198160e-2 -3.48779890331502640e-1 5.61441327539264415e-2 3.44143701448856310e-2 1.05638231214360070e-1 4.13697027554866224e-3 -1.99733402287531309e-1 -8.06945254333634766e-4 3.69881840804739959e-1 -1.13981758904327754e-1 5.08439404181046904e-3 -7.37696199987317863e-2 -1.06869760201290687e-1 -2.56043406667672280e-1 -6.31228068864799069e-2 1.87161333913903688e-1 6.86307974523677894e-2 -2.71179721867066292e-1 1.52120326393972272e-1 1.57355782850670839e-1 2.21760579328536683e-2 -1.38685657297393600e-1 -2.27925393718594937e-1 1.03320092114861928e-1 4.20280229264898497e-1 -2.04969961985466520e-1 -2.77660889958860624e-2 7.91624200651038293e-3 -1.50012352849927654e-2 -2.89764640441742549e-1 -1.01618021922182541e-1 2.65664159027365454e-1 -4.07584695287027954e-2 -2.48549240042786279e-1 1.73415550350590697e-1 4.91039862308299199e-2 5.32915889350976529e-2 -3.05405038000617600e-2 -1.40616279325496862e-1 -6.01038157841071730e-2 2.99368504514328948e-1 -2.06501055603577205e-1 1.64536635397661835e-2 -3.72017317312373155e-2 -2.30177417141335022e-1 -2.29224986777724932e-1 -3.47481269307642893e-2 1.70569692697723679e-1 5.54159645733628345e-2 -2.68536033473359026e-1 1.28674009076212154e-1 -3.55991629496833469e-3 6.60446409581487703e-2 -1.73199354555962567e-2 -2.00980063415958643e-1 -3.67623028348559935e-2 3.47405631913834834e-1 -1.19581441969225238e-1 -5.37918356879250464e-2 -6.64660387362005084e-2 -1.31454865540590604e-1 -2.44176535840920583e-1 -5.35996677042474973e-2 1.10790261959976460e-1 -5.95432969157921599e-2 -1.89551313262925736e-1 1.71585600483488643e-1 5.80520502355677190e-3 8.60413079017619958e-2 -3.92972875548515746e-3 -1.85226738783515060e-1 1.63866143842947252e-2 2.57273470555633210e-1 -2.40424910202644865e-1 -1.52081739644898989e-1 -1.45959762886437583e-1 -1.70986964824036802e-1 -3.31877421032330255e-1 6.00616513933379531e-2 1.98245358761196501e-4
lse 2.56103928480517595e0 2.45436293438786723e0 2.63856666267125650e0 2.54543751295328713e0 2.43194443840150187e0 2.56989050885636727e0 2.70981425660247988e0 2.50131517350905064e0 2.80828827148696369e0 2.40415812337024848e0 2.51654549060936006e0 2.71591342839471661e0
dq 4.71681612186352003e-2 -6.75569949930926034e-2 1.10690978791654987e-1 4.66440895147548773e-2 6.22096862150517058e-3 -3.20755984977185160e-2 2.14734190270449224e-2 -9.30678835525205889e-2 -9.24375627087881124e-2 -6.63066767138209695e-2 4.93851871265784358e-3 3.31258085409301198e-2 -2.09586377833535439e-3 1.36391692679539045e-1 6.09227864311316369e-2 -1.48450751944228992e-1 -2.61388059499530929e-2 3.42049689944135815e-2 -2.83157368144237274e-2 5.25725373616934485e-2 5.57760455208425668e-2 2.33178340329186183e-2 -3.16979498061546114e-2 -3.51679610776931342e-2 9.33310791849432941e-2 -2.98142724480146559e-3 -4.95088082479973809e-2 -6.39446883211410577e-2 -3.47631534659350178e-2 -5.55821725913513767e-2 8.64014602453601691e-3 3.62208933136742711e-2 -2.28740977838570725e-3 -7.08602421900085960e-2 4.72079229231117115e-2 -2.19666828316225811e-4 -7.78100375426177965e-2 9.91029739771743384e-3 1.03561129843133190e-1 -1.35524377022649620e-3 -5.25933146824915203e-3 3.08840824422427287e-2 -7.80448172882093755e-2 -6.67652903172394896e-2 8.20422596189025466e-2 1.23795728458285358e-2 3.98743491231006667e-3 8.09428650327066040e-2 -5.54043354456205187e-2 3.46322040758948388e-2 6.88258871259177750e-3 -1.51248929994858249e-2 -2.90162076945199125e-2 1.56442521818296772e-2 1.40807349916151764e-2 -1.99320193149411518e-2 3.44643949371173791e-2 3.76425159684948690e-2 -1.43347523278953854e-2 -3.46474866390514280e-2 7.79680837253386022e-2 -5.27082340502609513e-4 1.10375182920931098e-2 5.43653756735358595e-2 9.56631657122987596e-3 -3.14862218735921101e-2 -4.71447148362081694e-2 4.29408828004119794e-2 -1.15947530164079091e-2 -1.72412028534512721e-2 5.34509435518178075e-2 8.84043251024594842e-3 1.56745188460809676e-2 1.05014195029463041e-3 -4.75954903243719432e-2 -3.60767056665948493e-2 3.29550438805179119e-2 3.26485507132492567e-2 2.67355291050397348e-2 -1.08469349211372246e-2 1.55892525432888666e-2 -3.20354760893001508e-2 4.99477248028476692e-2 4.29410395253912169e-2 1.69201629447120298e-2 1.59861895042695094e-2 -2.31159829922359880e-3 -3.27396100022907255e-2 8.73109972891587469e-3 -6.85148269705233848e-4 -2.74438165713505773e-2 -1.66829270064584659e-2 2.98743180325838431e-3 -2.64452965270958254e-2 3.23873554871430200e-2 3.52513940851026299e-3 8.15187666454695627e-3 2.17174855403504639e-2 -4.28081888163272598e-2 3.56619506023544072e-2 1.13485973272402091e-2 6.32955950387404792e-2 6.44658113660904891e-2 -4.02380830275386459e-2 7.30503483931295439e-3 -5.85402519028434681e-2 -3.08251584393343190e-3 5.97183628387480056e-2 -1.91696560007220684e-3 5.35643993938719892e-2 8.04635565931635828e-3 -1.07133066380064070e-2 -4.08230056232451108e-2 8.06462060247347193e-3 -3.43418043118040653e-2 2.79994503730503462e-2 -4.38231305476800674e-4 -2.41908968640118932e-2 -8.82239791876635558e-3 -1.81808062536695236e-2 2.01724167721913546e-2 -7.40534124467272063e-3 4.39360884347811606e-2 5.37651820735543795e-2 3.77442504663583131e-2 2.65756317095590354e-2 3.60352615180778019e-2 -8.77472907437269051e-3 1.74530041891638975e-2 -6.09831099221245718e-3 1.14983657113420276e-1 4.04701179556537713e-2 5.85109161387934659e-2 -3.15878414322388586e-3 -6.93814553221299701e-2 -8.18626029786153758e-2 4.91299546415467983e-3 2.14560364220564223e-3 -4.67273918210506373e-2 -7.41913795195089931e-2 -6.34495271361993577e-3 -7.94149376096238424e-3 5.64646657370924815e-2 -4.79246474274628159e-2 3.72723506392245926e-2 3.72780118494136781e-2 -2.94903997644143626e-4 -7.42198374338348954e-2 1.60514365375938241e-3 3.55531713427929413e-2 -1.86597096314552006e-2 6.45231667646027213e-2 -1.66413046672625325e-2 4.99090989779647012e-2 -1.94163425575537545e-3 -3.70431643990326992e-2 -2.22415128551320153e-2 -7.94105512609173669e-2 -5.20181824045063482e-2 4.71258411520923334e-2 -4.30287337350403615e-2 -7.59904433684568947e-3 -2.02181781015085098e-2 6.64720905794528444e-2 3.02362405948136057e-2 -7.04483652134257343e-2 -7.64994473532158437e-2 -4.60685968654598807e-2 1.83744062225969923e-2 -4.57780503675050549e-2 4.52776155736265423e-2 6.69929566978069990e-2 -2.66736551028770516e-2 3.68461877719311187e-2 4.78849000682141646e-2 -7.30891274598076401e-2 -3.27958515246228183e-2 -3.70200912629615950e-2 9.27523637966513013e-3 1.52472859581489040e-1 3.93549624247920282e-2 -3.55983494530614092e-2 -7.06973653700120469e-2 -6.38474473279120602e-2 3.23123852258557012e-2 -5.62999166952146135e-2 -6.20317122710378685e-2 1.18576330800637831e-2 1.61943924019581948e-3 4.04758824738153736e-2 9.55481749769326871e-2 -1.46549513323143421e-1
dk -7.55973370435684688e-2 -1.91945518070095536e-2 3.92984827061089517e-2 -2.85392999211507986e-2 -3.62620131350869859e-2 -7.90592990713520488e-2 1.26036171761972238e-1 -6.93591197381571989e-2 -5.37691956089039053e-3 -6.93466399980841169e-2 -3.55394337291922852e-2 -5.51737035006480137e-2 1.81939584713704250e-2 4.82215047436788391e-2 3.81461935803386540e-2 6.76696114647941382e-3 4.84844435850615707e-2 -2.93731003012268066e-2 -8.82762501628982510e-2 3.42687496690565474e-2 -3.97254828955714012e-2 7.04955137985634472e-2 -1.98804630406502134e-2 2.59864168898170725e-2 -1.12014533046644812e-2 1.14392253833306340e-1 -9.02769159050426269e-3 7.88653309393081980e-2 2.87943337757756816e-2 5.38767539563590747e-3 -3.37361127499181540e-2 2.59067751271248314e-4 3.70976885945204643e-3 -2.13886393982792716e-2 1.86874251060448263e-2 -1.55068512665661835e-3 3.38220754904461282e-2 -1.99433258992449403e-2 9.12369049070672379e-3 -7.00526094347834159e-3 7.99246404186053361e-2 -1.53578097130323381e-2 -2.93608716202163195e-2 6.46865489895918633e-2 -2.29791358905234722e-2 5.71839540233906596e-2 8.47614125722461614e-3 -1.87215246712857941e-2 -8.81271940275329679e-2 7.55320552247895280e-3 -8.90144096753003183e-3 -3.03924072454336627e-2 -4.16770612845328292e-2 -4.87423015478108124e-2 5.48776786741860464e-2 -1.86877217745420356e-2 5.12773037304584678e-2 -7.00674246268468831e-2 3.83628151133298401e-2 -1.38456627240826025e-1 1.11151335194895323e-2 -3.69017549517550083e-3 -3.02792080167273159e-2 2.89562701610603795e-3 -4.91038735160308076e-2 -1.26236768355892891e-2 -3.49527083056540358e-2 -3.52993337030498636e-2 5.68723638976230128e-2 2.17327868223355057e-2 -8.61948901440710326e-3 -1.20242566953603254e-2 2.79693630940511737e-2 -9.61750135085135405e-2 1.67000192289498105e-2 1.04093006063159729e-2 3.64940709303375257e-2 4.06442847554748382e-2 4.64333956834223332e-3 -9.61833752524935692e-2 3.00467365537283593e-2 2.90858093451366075e-2 -3.88063737356008492e-3 3.23445997896594159e-2 -2.96093705562720418e-2 2.33193012184411373e-2 -5.45159572134854414e-2 2.88119039664797537e-2 -5.37751190641883661e-2 6.67788994125277785e-2 3.08537778036124897e-4 2.00036876641490335e-2 -2.78396727064659684e-2 -3.81199651998796463e-2 -1.66445430866564506e-2 3.92288009355917927e-2 1.18825240273842975e-1 2.07430746411460254e-2 1.79270778249271470e-2 4.36624977629900407e-2 4.29044473199069465e-2 7.78061834371975014e-2 -1.19552663937708303e-1 1.05160824497948571e-1 -5.66975957852355744e-2 1.28302473934172850e-1 1.25050990938680232e-2 5.11595593960100237e-2 -4.36708882863590803e-2 -1.16232301945739469e-1 -4.74408366308136809e-3 2.95959902509710174e-2 4.02681315698789968e-2 4.40590740641187278e-2 -1.82087121535917523e-2 4.89218495745321197e-2 -6.98706654452416198e-3 8.57749921714861391e-3 -2.63917554047600339e-2 4.59776536869122773e-2 4.94781936872992836e-2 4.77203874988485072e-2 -4.87239099227041589e-3 8.35207296393053814e-3 -3.57442188227745233e-2 -2.10693679608670026e-3 -8.04728108145933568e-3 5.24736142654877655e-2 -3.57921349080111278e-2 -6.23871878002902960e-2 1.08991221688404371e-2 5.58853097014271952e-2 2.32131192782362647e-2 -7.56836389798622444e-2 -2.19266585369180395e-2 2.77617605102693996e-2 -4.87661526219923709e-3 -4.77085341956539274e-2 -8.63814279920199941e-3 3.24586812491065163e-2 -8.08083074066953157e-3 2.23997784757045890e-4 2.24979429778482468e-2 -5.88413206397653960e-3 6.56583939010284001e-2 2.74758353363918732e-2 -4.14051043766788043e-2 -6.48685518185825594e-2 2.97123766102499812e-2 6.65296651631336472e-2 -6.26037069360159404e-4 -1.45043140762490877e-2 3.25108610310983412e-2 6.21732569088730286e-2 2.26299848019473338e-3 6.02209429122106954e-2 6.54756644193322801e-2 -7.28855932308433013e-3 -3.42185883657517842e-2 -6.02937488620326686e-2 -7.53767696682157151e-2 -4.43784488226268981e-3 1.10187449443562860e-1 -6.17588713300744538e-2 -8.19742991572916385e-2 -7.57751360114264916e-2 1.39500657602352029e-1 -1.54071772054425460e-1 -7.78341780654858151e-2 -9.23981147482725446e-2 -1.23712166980734853e-2 -1.38318338949880937e-1 -9.83946937539444816e-3 5.34578929617926940e-2 4.86315552021916175e-2 7.87979790922378603e-2 1.70045944203666491e-2 2.04880021153857443e-2 -1.37470390957125568e-3 7.32614264728268308e-3 4.97109109768167010e-2 3.07427518528766847e-2 -7.80251743119276947e-2 4.19538857307854007e-2 -3.13984809188487118e-2 -2.83137347973251643e-2 2.96702777350801895e-2 5.79254497073213807e-3 -1.19189452941184416e-2 -3.76813709047642970e-2 5.27464437764908149e-3 -2.89352596083565783e-2
dv 1.37350560738306426e-1 1.92338095258416941e-1 -1.13300397188896618e-1 1.93846788454939079e-1 1.53987693933351540e-2 2.84757608910155169e-1 -3.31163165696425010e-1 -1.42844451500306724e-1 -4.42864864385333790e-1 -1.20631751108194685e-1 -2.21319191190517323e-1 -2.78887727925264395e-3 -1.88785137100715150e-1 8.04880449889909394e-2 -5.14939368112616036e-2 -1.41366642738305792e-1 9.53478165245689735e-2 2.85597943493722528e-1 -1.04693918195791852e-1 3.38734540928346317e-1 7.47036544491386512e-2 3.72642104679327624e-1 -4.56756788615603426e-1 -2.68115985154513625e-1 -5.47107309888233861e-1 -3.50922782045130568e-2 -3.30546498436165792e-1 7.89772688983496479e-2 -1.68266872500044379e-1 7.53392399318380535e-2 -1.63103809801611210e-1 -2.06312196468118103e-1 5.68710847856289461e-2 2.45827614345861395e-1 -7.37405522122347584e-2 3.06746493257849862e-1 2.40094897066918909e-2 2.86339953415515769e-1 -3.90130035482969428e-1 -2.97007289964342724e-1 -4.63709961383460156e-1 -1.40066611942710217e-3 -2.65289990154523037e-1 7.75912360349400587e-2 -1.00690073402879332e-1 6.32026759767500002e-2 -1.66066994450365629e-1 -3.43754010258822754e-2 1.34378050693793692e-2 2.20227820606382102e-1 -1.87439308309394342e-2 3.22255818526719140e-1 4.45195742577925713e-2 3.32172127022563102e-1 -3.74925783343111108e-1 -2.46677784676815198e-1 -3.45204900742474841e-1 -9.94041017029363011e-2 -2.44309495773369412e-1 3.34762261586335208e-2 -2.10456528499974926e-1 1.11827196186988082e-1 -1.20370169379928366e-1 -8.08823773405756563e-2 5.27842179179645599e-2 2.70556297824034231e-1 -1.16743972956333181e-1 2.72031196109153328e-1 2.56910069756198997e-2 3.29894370131814885e-1 -4.67231940316662930e-1 -2.69820732424756127e-1 -4.65100137227782595e-1 -4.94846004287157124e-2 -3.04335594628261430e-1 8.18735611133362129e-2 -1.20074471509452080e-1 9.59004246582720182e-2 -1.16277379039309042e-1 -1.25147077550483266e-1 9.02437865581807303e-2 2.35813762203356425e-1 -1.76688824173607262e-1 2.99693864107853869e-1 5.42584447715657170e-2 3.02247047503367117e-1 -3.73268732713039064e-1 -2.62055772612966142e-1 -5.04602820372013761e-1 -3.23674295600605219e-2 -1.96283170044385169e-1 6.57706897269891427e-2 -1.77093200644989096e-1 5.32747182026203775e-2 -1.82420796402263635e-1 -1.50747226991457234e-1 1.30123642676988283e-1 2.44714130795421286e-1 -8.35613912231602807e-2 2.74512531973592711e-1 5.89306933745288586e-2 3.77166235488951618e-1 -4.05340131618504906e-1 -2.45867109469859069e-1 -4.85761164095663611e-1 -7.84546053295342993e-2 -3.12812262787063200e-1 7.81474650108191227e-2 -1.53156951500184130e-1 5.19896169674372924e-2 -6.72932123716204061e-2 -1.49476563885936331e-1 1.74659711227858949e-1 2.41632877377709610e-1 -1.34099016613494049e-1 2.32385504928298264e-1 6.75959378239878173e-2 3.15678293111934127e-1 -4.00376242545301297e-1 -1.57878875082944903e-1 -5.48969286990308447e-1 -8.42253704088719718e-2 -2.92101735827288989e-1 3.36521029399945298e-2 -2.44983859643292695e-1 8.03686156434561955e-2 -7.69201402450181704e-2 -2.15795463779772267e-1 1.11515396624352545e-1 2.43186504670976272e-1 -1.14140382984007110e-1 2.83500504186617430e-1 9.15294265854417061e-2 3.47369264051830162e-1 -3.93501608986555174e-1 -2.91382416157763668e-1 -4.54536865589488248e-1 -5.11850527922359886e-3 -2.83944467012485935e-1 1.18812515450953712e-1 -1.72957089278536036e-1 7.09606169300647516e-2 -8.09976474361109172e-2 -1.10106112747201598e-1 1.53308578857115824e-1 2.43447069941258615e-1 -2.02787270101907835e-1 1.66492969964027349e-1 2.14965630169373194e-2 2.23031595337321947e-1 -3.68805799076685537e-1 -6.81080015975210062e-2 -5.62139895635738740e-1 -1.30631956239826819e-1 -1.94872716621522613e-1 -5.79036195303961054e-2 -2.63026908204053278e-1 1.09287216279841795e-1 -1.15257190061183915e-1 -2.33045406830357349e-1 1.19985462929283429e-1 2.46823855573271356e-1 -2.79314902046394642e-1 1.61069880817606259e-1 -1.58439288404244455e-2 1.73165652055010305e-1 -3.81057435906222042e-1 -6.39853118898424805e-2 -5.53836467987982695e-1 -1.16328510551378855e-1 -1.35419139442433722e-1 -7.41668494655508687e-2 -3.41008437994216207e-1 1.23106924509304980e-1 -2.12167716509644194e-1 -1.99567397185108297e-1 1.13768199133790743e-1 2.09514885828527037e-1 -1.59717301022216235e-1 2.04419765866091174e-1 2.73699489186706411e-2 2.26467387021635186e-1 -3.43533437907642625e-1 -1.75856491095058048e-1 -4.43905965171428440e-1 -7.12228129780089619e-2 -1.87443621940199895e-1 2.62872708236967095e-2 -2.58743998851818535e-1 9.73787687214275055e-2 -1.00037129247028567e-1 -7.78520014557424200e-2
case 12 16 1 15
o -9.35200955505909759e-1 -7.69220530913461875e-1 -1.92651239600437396e-1 7.04233434584754514e-1 -6.23242213000012590e-1 6.51759920775446533e-1 -1.57922081428687466e-1 6.59970126002185298e-1 7.95746323878707917e-1 1.05425262645608031e-1 9.82658631045173037e-1 9.32242268748209701e-1 7.39687341770771667e-1 6.56703143366908382e-1 -1.96932437449361730e-1 -9.01813614746554304e-1 -5.23596417959356741e-1 -6.75450677440269098e-1 -1.43103114962205208e-1 7.72325883951378800e-1 8.42581060207233806e-2 -1.57672796050756098e-1 -1.67931257162151210e-1 5.77940908078301563e-1 2.20185738916100299e-1 2.26694182403525228e-2 9.04107719065036952e-1 2.58282283669003764e-2 8.46010294651638461e-1 1.12094198364604478e-1 -4.98354151758240882e-1 -5.59794495321579655e-1 -1.93109424853122408e-1 -2.07957140350021920e-2 -4.21237001321154048e-1 1.28193314222561333e-1 4.50500473066511586e-1 2.62538444283498318e-1 -4.34440669831579918e-1 2.85466666533507107e-1 1.35684203517407703e-1 1.27272143509189972e-1 8.99712442728997919e-2 -3.35081051378181616e-1 7.01551232746993936e-1 2.53221839543371297e-1 -5.33726613273550643e-1 -4.98657628231898076e-1 -3.42512361046265701e-1 2.18249868289138067e-2 -4.25831402600645670e-1 2.77429072965500900e-1 3.93412207622895249e-1 3.61547948497983551e-1 -2.27336233085485867e-1 1.75265391043552987e-1 3.28126349706196641e-1 2.09373609250782189e-1 1.33926927528082051e-1 -3.13768403128383166e-1 6.25676345183069915e-1 3.48819807498030932e-1 -3.54592974644925729e-1 -5.48158856588331522e-1 -1.80744530481377702e-1 3.15787643513376626e-2 -4.05959879171066754e-2 2.71301487850578060e-1 -3.17065781618386458e-2 3.38851648500732960e-1 -3.18901936330769353e-1 1.35207971151433369e-2 3.82419888785685613e-1 -9.11763362833745705e-2 8.06477966051572653e-2 -1.33662900765499415e-1 2.48857923650685708e-1 5.00875276356577914e-1 1.05118485394327665e-1 -5.03084062850751912e-1 -2.62841008813876453e-1 2.74077301015247687e-1 -1.79589075386897251e-1 2.40070542328097325e-1 1.93157668000084798e-1 2.62060354335318935e-1 -3.55144488231219635e-2 -2.64358981588573516e-1 2.84943587698151202e-1 5.31407892605756452e-2 -3.30150459441737459e-2 -1.06366175183467110e-1 8.25833840497347815e-2 5.26054692442379346e-1 7.38488606597009350e-2 -2.78278086961782967e-1 -4.57539233788560734e-2 1.01547152909282012e-1 -2.30096308905535958e-2 2.31151902566068573e-1 2.72784130959966391e-2 7.35263103056949946e-2 -2.19022569989641480e-1 -1.69008625596133472e-1 2.65766757626183237e-1 -9.41641411491684482e-2 1.52724861549993970e-2 1.54332019134462511e-1 -1.21263686893639686e-1 5.21708208320354805e-1 1.14822454942585236e-1 -1.98843057207085672e-1 -8.47364553005108823e-3 1.46279797951726909e-1 -1.26814353253025119e-1 1.23698781134829003e-1 2.37588092190324146e-1 2.08825464013339568e-1 -1.81489847704156798e-1 1.41145096516071232e-2 3.77140758520752184e-1 -3.91517745778666784e-2 5.74303962598073023e-2 8.20192201868374798e-2 5.27696357907678770e-2 5.27448136657746036e-1 -5.84015164910967680e-2 -3.51419585131064305e-1 8.18871447836550838e-3 -2.89031245979704844e-3 -4.43797769617086668e-2 1.48182881536035704e-1 3.17000052027530399e-1 -1.62254991457278397e-1 1.70848948592067333e-2 -6.49576056370849420e-2 2.55354634261904245e-1 -6.87894166609039209e-2 2.12120040637676560e-1 1.05639064373307792e-1 -5.16260703477601016e-2 4.04375996777463831e-1 -8.40730558366944436e-2 -1.44517143238614310e-1 -1.30402787228282885e-1 9.18630907991057066e-2 -9.56229398167775108e-2 1.25195251677942293e-1 2.12637986690305258e-1 8.49939648685303466e-3 -2.63251815214841506e-2 -1.77759692436163602e-1 2.32277971376108866e-1 -4.18684099559218578e-2 5.88253972993331500e-2 6.61452760208302154e-2 -5.46498467814350297e-2 4.51460881971384120e-1 -3.39015987523165890e-2 -1.68757998445548146e-1 -1.15817346293216730e-1 1.97990811605212230e-1 -5.07149983460309581e-2 6.59126125652869238e-2 2.76858588548164197e-1 2.31833761647664560e-2 -3.27924578987401141e-2 -1.12826051298257998e-1 2.18225410495620387e-1 -1.19825456611296358e-1 -3.22982469904079181e-2 -9.38708212776437900e-2 -1.49551228943340941e-1 3.40620517057869610e-1 -4.82966696432458736e-2 -1.51530177476219385e-1 -9.14041105494332734e-2 -6.97668976254667717e-3 7.12343494100670938e-2 -4.60033997193818947e-2 1.22537875442821353e-1 2.79532295227331307e-2 -4.54125887338237832e-2 -1.71339147029890670e-1 2.55801789061253670e-1 -1.91482910449649602e-1 4.83243240110372979e-2 4.31056715059610351e-2 -1.75735275133386354e-1 4.03383374109128112e-1 9.18637616824839187e-2 -1.68470726122923437e-1
lse 1.30993297419243593e-1 6.79735906348159613e-1 1.13353091699242570e0 1.26918732068366946e0 2.07607352491953279e0 2.02271813145460033e0 1.89358122546210783e0 2.24778161094272866e0 2.16835466505002294e0 2.23635655861295080e0 2.36392681554482120e0 2.59682703850836871e0
dq 0.00000000000000000e0 0.00000000000000000e0 0.00000000000000000e0 0.00000000000000000e0 0.00000000000000000e0 0.00000000000000000e0 0.00000000000000000e0 0.00000000000000000e0 0.00000000000000000e0 0.00000000000000000e0 0.00000000000000000e0 0.00000000000000000e0 0.00000000000000000e0 0.00000000000000000e0 0.00000000000000000e0 0.00000000000000000e0 -1.62781076275237579e-1 -2.86175785679310790e-1 -2.47255184868158950e-2 1.17252396136374448e-2 -1.11705313074687521e-1 -4.32053765436875709e-2 1.86976931946639391e-2 3.63906747460662344e-2 1.88961375298759449e-1 -2.05982172937450497e-1 -2.24129034946642824e-1 -6.87605128530122955e-2 1.89440750287897530e-1 -1.24307724371173101e-1 7.93963482812216764e-2 2.82362356647315793e-1 1.72184633608254006e-2 4.23990141193224535e-2 1.35496275533776162e-2 -7.69112694816312670e-2 2.98910970474614082e-2 3.26840972582404313e-2 1.28420660094509503e-1 -2.78444932656643357e-2 -5.06675373535549686e-2 -3.05478544888260206e-2 3.39228937010075948e-2 1.48309934982962070e-2 3.68940238408810989e-2 -8.95347672416291762e-2 4.23021009541571583e-2 -2.82089486018867706e-2 7.11860769171064889e-2 1.25355813315263437e-1 5.44971708523688883e-2 -1.08736069355623299e-1 1.71228993120044158e-2 2.44872679696739280e-2 1.22298418284678190e-1 -3.05776738431449216e-2 -4.50607572289811395e-2 2.44563624563675711e-2 7.09426884605673658e-2 6.91142236100015517e-2 -3.87238371041806646e-3 -5.12534475528761135e-2 4.27731648417254973e-2 -8.64036637543604269e-2 6.41933654026473205e-2 -9.90123937640123852e-2 3.42166621039378602e-2 1.82888551145796219e-1 2.19485966847695668e-1 -6.08237993611551730e-2 1.40613967455960165e-1 -5.82881009634442990e-2 -3.30821052332906096e-2 2.14228126742519176e-2 -5.89854355701647792e-2 -4.00449788630234463e-2 -2.25673196325908376e-1 8.48344872165182062e-2 -2.71050304079664059e-2 -1.85986643850335420e-1 -2.49532425997659353e-2 8.80392243609485481e-2 6.69431877794237906e-2 -1.27127135310542233e-1 -8.20719802000492715e-2 1.50849956519461981e-1 2.24815562557428295e-2 -4.24217573311146540e-2 -1.99851839642427795e-2 1.03951020054943027e-1 1.48259038575823954e-2 2.72153225891310635e-2 6.96867397428821977e-2 -1.11779346199748636e-1 7.74717232182902948e-2 -8.28053729237630820e-2 2.96175253903155702e-3 8.60776962683440228e-2 6.30123383835218091e-3 -1.42808368287031445e-1 1.74342283039182894e-2 -2.54519951165707407e-2 6.26641793622204901e-2 -8.76687765745869096e-3 -7.20072945807805620e-2 -9.26327613838708042e-2 1.15094366646668375e-1 6.20843949658080665e-2 8.60445923059819512e-2 -2.92522546100363531e-2 -7.08484309685752933e-3 3.19697309113680453e-2 4.69894691086855318e-2 -3.43516573065919886e-2 7.71079117761500898e-2 -7.36011977144035157e-2 5.75618715666390696e-4 3.15951379042822209e-2 3.88332281599869170e-2 1.53005499612743345e-3 5.59186574919776601e-3 -6.26422751509601444e-2 -9.12128619207293150e-3 2.35458477349976408e-4 1.43707371299839570e-1 -7.08689246625469477e-2 2.86457103366142204e-2 -4.14496454391788949e-2 -3.46956926213452879e-2 -7.59202587920954769e-2 -4.16485694154170721e-2 6.63422979285557268e-2 -3.03901385841995886e-2 -1.75234163882404329e-3 -1.23490554837512506e-1 3.66007964498269861e-2 2.34429578907480590e-2 -3.12536088918897795e-2 -3.23412462633576661e-2 -7.99922081162661031e-2 5.82970622829401403e-2 3.09954375532911428e-2 -3.72931037176157595e-2 7.11603704348163363e-2 -1.48130165528120115e-2 -1.20965807562888397e-2 -3.72557781969879084e-2 7.18775348865080405e-2 2.46743770929499194e-2 -2.04731336487459364e-2 -7.87381903230704588e-2 3.72492591335340812e-3 -1.40799079508242969e-2 1.08432125629890855e-2 1.53069214999040793e-2 -3.60110976795631615e-2 -5.89725569134251920e-2 8.41328621867005882e-2 -4.61648977281489889e-2 -8.94188875947165424e-3 -1.05819182661259878e-1 -3.75652153046178300e-2 -1.62408829875600264e-1 5.08612587531892951e-2 1.11446721476365310e-2 4.90811772342289593e-2 -4.76486132349953836e-2 -2.65059666180908204e-2 -6.32161929782702747e-2 -5.22965469164718907e-2 4.21290956302215816e-2 -4.91753988125695346e-2 -5.13519883397671323e-2 1.36741779857541077e-2 -1.11929355118922246e-3 1.40763089846598719e-2 6.63593735520426886e-2 -5.59529801318355835e-2 -5.20933812677808281e-3 1.03823589875241762e-1 9.96309331769094364e-2 -5.55969038477273358e-5 1.11203482641569207e-1 -1.75595773852496653e-2 -4.01002834421301524e-2 -3.46788204513710299e-2 -3.94513124201075344e-2 -8.42724778427695817e-3 -1.54595679689748799e-1 1.51949505640167244e-2 5.67574091912804168e-2 -1.29958348566291071e-1
dk 9.39523942610865082e-2 -6.69169389009085236e-2 -1.44723465154506681e-1 2.14194312780990638e-2 2.85357604212921057e-2 5.06526116733436796e-2 2.56798673729782476e-2 -7.76416506866826547e-3 1.09167886930710313e-2 -8.60179271033666842e-3 1.38625375424841546e-1 -1.68382722882055823e-2 -4.02271060359231519e-2 5.56226630867479380e-2 -4.12160526778670988e-4 1.64959564376955081e-1 -1.99920047761613068e-1 2.67775488389430071e-2 2.42573322062951929e-1 -1.23803301020610129e-1 -1.23756789629381303e-1 5.50138737124025445e-2 -3.44795994497364755e-1 -4.99099836823353044e-3 -4.18990388738164285e-2 -1.00908092620626125e-1 -1.73529815104103806e-2 -1.02164455486265751e-1 1.45808079132972057e-1 -5.85155945689656981e-2 -1.60272845424144605e-1 -7.44481110608264177e-3 -6.88365044825332700e-2 7.38480470604844508e-2 -2.24710703904498115e-3 1.09701978779503349e-2 2.79166536539337505e-2 2.61148371728218004e-2 1.34849785503210112e-1 -3.92390092912535959e-2 -5.38388597236422184e-2 1.28974548881466339e-1 -8.21898807358001499e-2 1.14729201562521532e-1 -1.67413328844995572e-3 -1.19153960056225527e-2 1.36327866009019714e-2 -4.79997961697053027e-2 -8.55715968105534158e-2 3.63118523903312174e-2 3.48503514662545366e-2 1.73380383407374869e-2 3.28951540448107066e-2 6.85450791247695090e-2 4.81543571501959616e-2 1.51784259329418129e-2 -5.94409914765990019e-2 1.96946848986208567e-1 -3.25588081857085959e-2 1.40237065713980757e-1 3.92305489184118367e-2 -1.07265681356237211e-2 -8.07318089374629566e-2 -1.31368960604676038e-1 2.58515074891894292e-1 -1.89485752975988436e-1 -1.51854162803017390e-1 1.28406495000604026e-1 3.45496363361582071e-2 -1.68298613607153424e-1 8.56579356781706908e-2 -5.95417353112966952e-2 6.37968486785909228e-2 -2.24579781664457107e-1 1.03270122476818466e-1 -1.63969056944060443e-1 -7.18920578975382335e-2 1.05739266201672913e-1 2.00703542863695461e-1 4.18680198071690671e-2 6.46695035914165300e-2 8.15594163193569394e-2 -1.21337973003286387e-1 -7.28287794234545316e-2 -9.87189470530828728e-2 5.50071662616582590e-3 7.77183892371012368e-3 1.01046937877292006e-1 1.55597170238498533e-2 -1.52980498754667123e-2 -3.73443592567644228e-2 2.68532101181751803e-2 2.85022881239950232e-2 -4.08668438751538451e-2 5.55049932707056826e-2 -9.44960787668696067e-2 -3.71302641177692419e-2 9.11685701692370280e-3 3.61918801983247135e-2 1.98685589585753386e-2 3.13391449673917841e-2 6.37461526399297346e-3 3.93768740118833269e-2 -2.51995993090186991e-2 4.18298770039051415e-2 2.39939978875614301e-2 -1.31139971662977070e-2 -1.69347434950556999e-2 -4.20760362372181659e-2 -3.60449870446912651e-2 -2.35685928117960672e-2 1.15692981534558110e-2 -6.27049019341104769e-2 5.18168039301103375e-2 1.18606103059021806e-1 -1.86435912415806315e-2 9.85535753285696620e-2 -5.58481282259846792e-2 1.59462248058751324e-2 6.60947996160207579e-2 6.98186591609168683e-2 -4.30656477715210609e-2 -6.26157789306776985e-2 -3.26508491226072048e-2 -7.77659377890580761e-2 -7.29436336668446567e-2 -9.64378989210632268e-3 1.18733238561853471e-1 -1.20578756506297090e-2 4.19453618213539645e-2 2.47951613908914646e-2 3.00693300387892132e-3 2.01369804370917227e-2 -2.25696533187819820e-2 1.33732887479225335e-2 1.12778189662331857e-4 1.34667784581802390e-2 3.75772294087225621e-3 -2.05099249694821670e-2 1.38020610549321847e-2 -1.36662246980559614e-2 -2.09206750033048908e-2 -2.00356077409789939e-2 1.78816127239801170e-2 4.65500945187464973e-2 -4.20753864559242838e-2 -4.03408762120230219e-2 9.20224515410475105e-3 -8.91559424244655896e-2 4.97184859433708881e-2 -4.51538104412724101e-2 -7.02921485793909229e-2 -5.37032383749195125e-2 4.13982382588426734e-2 1.87912482273958695e-2 6.37018496701321213e-2 3.00700988893748862e-2 8.42215219926175512e-2 1.90881762030664648e-3 -8.04865028706239910e-2 -1.36467963621358609e-3 5.95228730398293876e-4 1.23203378278487793e-3 -1.27813380586218035e-4 3.67120422388672292e-3 -1.96153978032421279e-3 1.85343075062690816e-3 2.65673434999939406e-3 9.37455796768812402e-4 -1.09666629498041384e-3 -5.85056596721999101e-4 -2.39103399834396510e-3 -5.69002213505488338e-4 -1.68767136225153516e-3 7.85627973027558379e-4 2.46777261141710533e-3 3.89880313027894275e-3 -2.34930377750806330e-2 2.25473225164923852e-3 5.19158545228156406e-3 3.40335696937950835e-2 -1.32422845846228935e-2 1.72862019940641515e-2 2.19379799619454398e-2 -7.44399636630571886e-3 -1.52132601756323031e-3 5.58404122280720637e-3 -2.43749767852031902e-2 4.25948309499523965e-3 8.03791838141977577e-3 2.21290370046303142e-2 4.31664328312693444e-3
dv -1.20609562546638882e0 1.23970568867636066e0 -2.33622936164303019e-2 -1.17356573688579102e0 6.87296493573318346e-1 -1.24056163498872474e0 -1.07167274717381145e0 -1.17352168608242957e0 4.42755357885582179e-1 1.04823101715355782e0 -7.53681650814684079e-1 2.66224968803973505e-1 5.33251841850971436e-2 6.52021829129524111e-1 -6.05338419422689344e-2 -8.01234053686219583e-1 -7.25090144630556210e-1 7.03833568852017533e-1 3.53967777332759304e-1 -4.73713794453799908e-1 2.14350973560014646e-1 -4.34080312382660871e-1 -2.73984028345534980e-1 -1.97497178195240736e-1 6.56636588396960041e-1 2.84859934324514064e-1 -3.08627422062339729e-1 -1.63574575334099859e-1 1.86728533905764132e-1 -2.02707066474424241e-1 -8.01407836039921717e-1 -1.38819312844148113e-2 -2.51255959703119092e-1 4.60777483245334907e-1 -2.09978865308098200e-2 1.31023974200986160e-1 6.60309063094356580e-2 1.65001915519160214e-1 4.45585638712050897e-2 -6.98485311364435979e-2 2.32332245145061816e-1 7.59986434633695640e-1 -2.63174256847264976e-1 2.86333486369396262e-1 -1.49186514790466851e-1 3.64669363034453742e-1 -5.30314473333575620e-1 2.96650085309743794e-1 -6.85911366898797198e-2 2.31234323552264392e-1 -7.56509162754125941e-2 -2.84600907873606868e-1 -8.37371816485847908e-2 6.30415387326045684e-3 -9.68127954736969498e-2 -5.86051536047441299e-2 2.79310695702029599e-1 4.48835676600586875e-1 -8.87611404939128712e-3 5.48995418025086224e-1 -3.20948474196743161e-1 -5.84130856574385654e-2 -4.02410389074631669e-1 -6.40937825434919617e-2 2.73478953929807422e-2 5.01169340254918771e-1 1.27911582091018106e-1 -4.26232466582630198e-1 -3.59396654219969469e-1 2.49440649003723564e-1 -3.45043687537903099e-1 6.25050150982092156e-2 2.38431996692396869e-1 2.96639310521674970e-1 4.68338138142666560e-1 4.12386251623887590e-1 -6.68588378528247707e-1 -1.97599209707376100e-1 -4.86385531552094075e-1 -1.30372174878497116e-1 -6.98636862176438139e-2 2.61181072866068453e-1 -8.55917660644694295e-3 -1.28413047997256974e-1 -4.17239921181138812e-3 -3.84135971576198901e-2 -4.59120154538288638e-2 3.13635709956001790e-2 1.47838661094244650e-1 4.54516714387885656e-1 7.50511800109610605e-2 1.63549865821179363e-1 -4.76649908837696257e-1 -1.38480115608050375e-1 -6.42227122400383932e-1 -1.96126915804221646e-1 -3.08264343515066847e-3 1.51230749401290165e-1 5.83819916054004809e-2 -8.26087934294318371e-2 -5.75551301467899165e-2 -1.05051254870003635e-1 -1.41213643228090213e-1 1.24664743976502984e-1 1.20932326069167526e-1 2.63189871602161118e-1 1.87078076424562451e-1 5.12697073408015097e-2 -2.19778363777801911e-1 -1.35649268358380898e-1 -3.33844365953710531e-1 -1.58795654018968141e-1 3.97584575060152198e-2 -3.29774621901477230e-2 1.04438578234025303e-1 9.60401120399506300e-3 -1.09726924929345840e-1 -8.71296020758418888e-2 -1.04939473027165081e-2 1.89255130069388960e-1 7.28480840142617381e-2 2.02332257608248217e-1 6.40189759126510438e-2 1.95751782066667324e-1 -6.76636501421472025e-2 -1.44684065270508533e-1 -2.44665319804484360e-1 3.39586611459512314e-2 3.34131947891673567e-2 -1.00787895149836673e-1 1.15054394416663763e-1 -1.02851193653379774e-3 -1.22190261553699969e-1 2.89174077592329534e-2 1.23544115708752733e-3 2.01273299495975777e-1 -7.30654177213420526e-3 6.51825088365007299e-2 1.09932784727232613e-1 1.92565929107967604e-1 -1.53126809493716598e-1 -3.32282025725861366e-2 -2.15370808505084360e-1 -9.29249311918597387e-2 1.11456552610239637e-1 -1.35548903692775280e-1 1.79057977804878976e-1 -6.21320820150403838e-2 -1.02565141975744498e-1 4.19147135670212903e-2 5.77628298262750084e-3 1.64882117713336052e-1 7.91417329202254993e-2 1.05846391065050199e-1 9.92359665297216503e-2 1.56247135687220484e-1 -9.17931410242382728e-2 2.18319017223884519e-2 -1.45117251076541859e-1 -1.47612567576762208e-2 7.92878934798558754e-2 -6.04915492988053194e-2 1.50638967630330578e-1 -1.07450287625637922e-1 -7.30197327968303556e-2 3.24365216212412211e-2 -6.07823025452689028e-2 1.08370105862316296e-1 8.15940351269295316e-2 9.19895587423473354e-2 1.27490269492620351e-1 1.30400356908898840e-1 -7.99344027024189441e-2 2.67225444860924727e-2 -6.82303853857604836e-2 -9.14883333396522558e-3 3.38551273174790626e-2 9.52787034696884680e-3 7.35535783796119752e-2 -3.79699418788922924e-2 -7.56579100277471051e-2 6.69910959120885996e-2 -6.71161663786569024e-2 2.93933131098560868e-2 -8.55630664180022371e-3 3.39015869717819232e-2 5.57361500162540519e-2 7.96396125414596812e-2 -7.13365585451941758e-2 3.56337977386171831e-2 6.17274477073612333e-3 -4.87875535236591273e-2
case 33 64 1 16
o -2.00288296653480691e-1 -8.62075050434101708e-1 -6.33210704497952248e-1 -9.59244163408005335e-1 4.43126200783527269e-1 1.29478796229878235e-1 -9.71814794219209022e-1 -4.25432957643423704e-1 -9.15097992960117956e-1 3.95983369111463590e-1 9.34942439518725799e-1 -2.60502366079823355e-1 -4.12274430097291811e-1 6.26645004705169262e-1 9.88078273024328269e-1 4.12133509267869513e-1 9.87498633772579737e-1 -2.06367860962057836e-2 -5.08469229939752410e-1 1.92367712068603591e-1 4.55172331688433740e-1 -8.99184059620702802e-1 -8.09233491896914181e-1 -3.58644150762463143e-1 5.19500457338045063e-1 1.64143062232180892e-1 8.59438722434600511e-1 -8.55383239400000495e-2 9.84253379099253589e-2 1.01396345951801248e-1 7.93669134550747390e-2 2.48330021818315316e-1 6.07440700185514659e-1 2.71828497456313212e-1 -1.94634016417255529e-1 -3.48465890709233284e-1 8.97132299404988842e-1 -7.18506693518937700e-1 2.11359461267991877e-1 7.44239645100636782e-1 1.97847344098287081e-1 -3.51961233005659624e-1 -3.30859020258843506e-1 -1.39729138822573429e-1 -4.16779649126715279e-1 -5.34792140926687365e-1 -9.13362050461178576e-1 -7.04998861759627005e-2 5.70666109246798170e-1 -7.99786250172064728e-1 2.36120054512229727e-1 -4.30530074941415597e-1 -1.66421483422987349e-1 -3.79125553750072841e-1 -9.34902746217524117e-1 -2.07357680532562538e-1 3.42305893519558202e-1 -2.45432997041193701e-1 2.80058026988155406e-1 7.60375318306309111e-1 7.66025877968590230e-3 -2.30433744381447703e-1 2.81735806191718341e-1 -8.04971066764398557e-1 3.58432327803419881e-2 -5.87021610270782590e-1 2.59568308334899057e-2 -7.64771300547481103e-1 -5.26396438611134512e-2 1.20386830023254246e-1 -4.78943392125690592e-1 -5.66450005999357242e-1 -5.17297347491697423e-1 -2.30081304038142392e-1 2.11394705450809933e-1 -9.76927704046338247e-2 -1.65363060214735486e-1 1.39505856203325590e-1 4.16087532122313641e-1 -2.47916120296119313e-1 7.67390676909059488e-1 4.97653005755545497e-1 1.46430795191239832e-1 -1.43502925604221926e-1 -9.96598056628360540e-2 -3.78097540109512964e-1 -6.82475266121148949e-1 -3.82939650257146380e-1 3.64216624076450002e-1 -2.47238107613779373e-1 9.15443509384432197e-1 1.76621365209922360e-1 2.24280093266689906e-1 -4.40207163461906414e-1 8.65393195316113556e-2 5.47910022566546084e-1 1.89330785874844476e-1 -3.66687299937307285e-3 6.41885726123638950e-2 -6.12630925285143735e-1 9.31199887095569334e-1 -3.93177282475501100e-1 -3.06394394007130366e-1 3.26015113268614876e-1 1.42676061616837213e-1 -6.47239900437741822e-1 3.19562162318213661e-1 -4.95491484815630046e-1 3.34974795048477048e-1 -3.50496894184416319e-1 -8.99612148735257189e-1 3.67488047806067211e-2 6.46960004009129563e-1 -1.64531501357396803e-1 -1.81404944755832916e-2 2.85088262904872880e-1 -2.13035399849688306e-1 1.65193953312011921e-1 -8.67859006483401973e-1 -6.64026675203469308e-2 1.35368196192408280e-1 -2.68744653278026158e-1 4.51938204540470789e-1 8.70490371364561089e-1 -4.76870513169142640e-1 2.02150380586517658e-1 2.50251246847686903e-1 -6.16988824581528927e-1 -1.39191745277047307e-1 -4.10572683156516460e-1 -1.25931984234368723e-2 -4.71673437986616373e-1 7.59330330885043397e-2 2.11440916760606640e-1 -6.10313370336859617e-1 -1.92481899159493597e-1 -4.47534967401062966e-1 -2.23168335285903567e-2 2.09485661261400086e-1 1.16151291609344356e-1 1.09155339219700331e-1 9.83913943528967327e-2 4.52320085288012042e-1 -4.35839262593605725e-1 4.86100608102635501e-1 5.94973770978894145e-1 1.24689092329571108e-1 1.04472749016096614e-1 -2.35749487362110072e-1 -1.65806781927128888e-1 -5.67084013714909130e-1 -5.05570506511097362e-1 5.08959990122700989e-1 -3.68337431781074531e-1 7.69244007826131115e-1 2.81363208992444047e-1 8.74589381665277915e-2 -4.02785376807338835e-1 -9.40884345266781580e-2 4.51577692972912115e-1 -1.88846946496649785e-2 1.16424247641741904e-1 1.27611640930619302e-1 -5.03086820386531408e-1 7.49185030844976230e-1 -2.61763079685433053e-1 -1.82197218058830698e-2 2.86866752995233787e-1 3.21342557384968197e-1 -5.37311582161396739e-1 2.33452053552831135e-1 -3.98669381136778023e-1 6.54776017167266530e-5 -7.38192364940573609e-2 -5.94406822142627078e-1 -1.71338617589545328e-1 2.47388798530258081e-1 -1.21877988805092902e-1 1.31316799297604314e-1 3.48901405020336453e-1 -3.41835213799175308e-1 2.56015552138661895e-1 -4.29667669176687472e-1 -2.27245836040668170e-1 -9.14298072788716221e-2 3.56120338953985482e-2 2.78669655392497939e-1 6.28746853292635133e-1 -1.21447076645711791e-1 -3.11982536912730202e-2 1.90295455505364752e-1 -4.63306488931606364e-1 -2.65003235962207595e-1 -1.52955060148245142e-1 -1.70384065287335455e-2 -4.19794856592132504e-1 2.64768527937491449e-1 3.85804855175895189e-1 -3.70519305651768271e-1 8.91249787034189278e-2 -4.79225957666977065e-1 1.64684083683384191e-2 1.90971729798060982e-3 1.41330637236471407e-1 2.10126018076111337e-1 2.15956857933947338e-1 2.38491633491602267e-1 -4.61062762806624116e-1 1.89991627107521932e-1 3.40412645490815569e-1 8.76737536792125960e-2 1.83832468668024274e-1 -3.72435704007306356e-1 2.47741235995821325e-2 -4.30787496564782102e-1 -5.88660249974936045e-1 2.77775900781283835e-1 -1.39957897754638072e-1 4.64318798085075424e-1 1.18011610980088194e-1 1.50455883544352159e-1 -3.33755137100629540e-1 -2.72959087874082573e-1 5.20088118740544281e-1 -1.44788850752850223e-1 2.65772328893970400e-1 2.16990914535377583e-1 -2.18907504375709078e-1 4.03711700755485736e-1 -2.15194574636810354e-1 1.83680224125618852e-1 1.04174163375616691e-1 4.37605076179762520e-1 -1.93723178403389290e-1 -3.52642526276897780e-2 -2.91066213635655602e-1 -8.77430331455505454e-3 -1.22034172796122043e-2 -2.00015546599543875e-1 -2.23876711013481534e-2 -4.50179141576267233e-2 4.26324243950005968e-2 3.92792912645493417e-2 3.26037233480930666e-1 -2.71222383344002782e-1 2.37439038913986350e-1 -1.96446862972282976e-1 -3.79038343921945589e-2 -8.89238870570294160e-2 7.49131966620868311e-2 3.34405578519818836e-1 5.33308760397964154e-1 1.59130221820302786e-1 -1.40526816418518580e-1 -6.02010273368473320e-2 -3.64846353985558813e-1 -3.29327220245858532e-1 -8.15845188471002736e-2 1.51084542205290412e-1 -4.88161556977443623e-1 2.64802150527095603e-1 4.37100119590227043e-1 -3.38045548384109995e-1 2.19349530149782312e-1 -5.32798210245850501e-1 -1.13584895261825636e-1 -4.60510698767723214e-2 1.86335062355936748e-1 3.38056849269909532e-1 9.11790920635753566e-2 4.01731939642989699e-1 -4.78842072199564595e-1 2.43438720644078954e-1 1.48561372249872065e-1 8.85979066090512579e-2 2.44656833600446405e-1 -4.25224945520370490e-1 -1.13605339827006727e-1 -3.22115137029652110e-1 -6.17565653438117312e-1 2.72116874345271265e-1 -1.15376530142465299e-3 5.18378560787265963e-1 2.18540906078513786e-1 1.09717403583770349e-3 -6.43558757655671165e-2 -8.80661554257372442e-2 5.89818660871199163e-1 5.33649344467842582e-2 6.96609573651059688e-2 3.77354100946586224e-1 -5.08197641630179775e-2 3.67399274961060396e-1 -1.20681412380473432e-1 4.60192596210511395e-1 1.88499282768606891e-1 1.73755254109114604e-1 4.99384726997136666e-2 7.59278039348303541e-2 -8.88981714347003849e-2 4.21081812135580269e-2 -3.03366587304889357e-2 9.05731150754369857e-2 1.45120529155736255e-1 7.33006090024196227e-2 -5.66595187894176830e-2 2.16772520203496410e-1 3.87936551478795411e-1 -9.85987126980675116e-2 1.08242031188138813e-1 -1.38523031160088128e-1 -1.08961187879112187e-1 9.35171776117510872e-2 1.64295503493844357e-2 3.58131099919887008e-1 4.40693533638651935e-1 5.07484462072517670e-2 -1.73788656858073876e-1 -1.42867432011007017e-1 -6.67950312513177352e-2 -1.23708633544126076e-1 -2.57340273823368659e-1 7.23600914456579425e-2 -6.05322414441664014e-1 1.65922873014104855e-1 1.25505867197233806e-1 -2.11238227679267948e-1 2.98904773931251040e-2 -3.57502071646289277e-1 -1.53396566232698484e-1 1.49730216214051359e-1 1.05836876378097633e-1 9.88876466887687045e-2 -4.08280968673191136e-2 2.32907791752942572e-1 -5.48997537126461266e-1 1.71790861545539852e-1 4.99536500725177579e-2 1.45193880072174625e-1 2.24992224090580478e-1 -3.71259744201344943e-1 -6.42423243351795681e-2 -2.73264880181775083e-1 -4.89446740379543221e-1 2.71123399054421343e-1 1.44820440189750380e-2 4.55370673839389450e-1 2.64565559829467410e-2 1.44781665099302848e-1 -1.05741816158218219e-1 1.44551162083837476e-1 4.05217587957670988e-1 -2.43080863557510116e-2 -1.58279653491970540e-1 1.91506808858674549e-1 -2.09333484662886232e-1 4.49561316041281134e-1 -2.25950480430769166e-2 3.74890794700092900e-1 9.22525937680179486e-2 2.81914058807537171e-1 -1.82599385142470871e-1 7.87514595061958034e-2 -1.39442852913592458e-1 1.18988142216038678e-1 1.74968813780046195e-2 -2.38098086517857327e-1 2.26915221143803303e-1 7.78793471561724793e-2 -5.82182260332060469e-2 -1.74692485021219757e-2 4.34034916398764903e-1 4.08499580415937688e-2 -5.83323991838519615e-2 -1.19549483272762352e-1 5.28740714910962764e-2 1.19935150282698480e-2 -5.05134506528367583e-2 2.56376822654178105e-1 2.62054885891417344e-1 -8.54506324395476052e-2 -1.67476492990828868e-1 9.80961368264120781e-2 -9.19562915430955780e-2 -1.82921411592230659e-1 -2.23010621718161522e-1 5.63637288229872219e-2 -5.19480723134055467e-1 2.50379266771058040e-1 6.13966013567548430e-2 4.33058946204529574e-2 -3.37213564829471762e-2 -3.11087086093290721e-1 -2.50514169228707062e-1 4.91454873894112410e-2 1.39146546426241080e-1 -1.27259686206099478e-2 -1.54709351220645552e-1 6.01125795636563431e-2 -5.27885034127947628e-1 5.75045583504542948e-2 -2.56019982889846898e-1 1.21983269945487832e-1 2.62810849921951140e-1 -4.26589186997896830e-1 -5.16004313476863680e-2 -2.79297390171906579e-1 -3.58682982880856982e-1 2.05390427084075872e-1 2.19943506813846223e-1 3.00255812447918546e-1 -7.16092836936072785e-2 2.01076978247049315e-1 7.89614489080587983e-2 2.52072737760853871e-1 4.64106023723560135e-1 1.08232339071354447e-2 -3.54701585564044852e-1 9.21205993430211229e-2 -1.58981012282062267e-1 4.24216350646023477e-1 1.94959940827122112e-2 4.51611829683687460e-1 -6.85501115468239997e-3 2.35733013811330855e-1 -1.38213343168527819e-1 -5.34075374279856449e-2 -1.15002008248543133e-1 3.24265750574096456e-1 -4.21008829119078401e-2 -6.64188115086643133e-2 2.65652771719183722e-1 -1.64123019754027887e-3 4.87098783687514442e-2 -3.55044397004437295e-2 3.02416911218280071e-1 2.71890137842021040e-1 -1.13532102971107940e-1 -1.05813783187523103e-1 9.11806237178964391e-2 1.70266121957353828e-1 -6.27130978270718509e-2 2.64123010707396300e-1 1.38385825103736676e-1 -1.94946381832921734e-1 -3.65700801932228592e-2 2.95089106473167655e-2 -8.16763175997819307e-2 -1.53186030006716101e-1 -3.02070609006046487e-1 -1.35454145017623956e-1 -4.80219730737830086e-1 2.74129107381924253e-1 2.31761850249051979e-2 -3.16846782742480739e-3 -1.31866540742090643e-1 -3.09067453824580174e-1 -1.31034137532312162e-1 9.70826664338271667e-2 1.50967824361048192e-1 -1.28477029214732752e-1 1.45288450533911321e-3 9.49108002588078606e-3 -4.68745451951316117e-1 6.08952508440973629e-3 -2.44823569723873730e-1 5.16210698907581672e-2 3.34791988370512106e-1 -3.93858991860137675e-1 -4.71167574006839326e-2 -2.83820165981331640e-1 -2.57528603410854429e-1 1.83853808396520629e-1 1.50292229994615029e-1 2.27625362152176214e-1 -7.93116824957458277e-2 2.78275320484224375e-1 4.85251216709584390e-2 1.47654963158742075e-1 4.14576922325233965e-1 4.28909930062316286e-2 -1.51226579891181795e-1 -3.91165594126337487e-2 -2.24227287181482854e-1 4.04171346126000253e-1 -5.90025279153443549e-2 3.06961946459958723e-1 1.14957248079429150e-3 3.18460768589377330e-1 -1.86084811410996420e-1 -2.22158415031977974e-1 -1.70540649099548386e-1 2.30904877981218892e-1 -9.41937335096853789e-2 -6.51542356544334289e-2 1.13398356856358587e-1 -4.61175291529733952e-2 1.84967299941945183e-2 -1.26202631139029547e-1 1.57138226683856824e-1 1.93560930126170150e-1 -9.49528666282558748e-2 -1.00913818977929101e-1 7.86767808835575622e-3 1.72953487739500616e-1 -5.60891243964582870e-2 2.75087080062723754e-1 1.09945145666479921e-1 -9.32281604725250790e-2 -8.66110290143320694e-2 5.51853477956340474e-2 -2.78278479817361923e-1 -9.03134932767069021e-2 -3.32641901418806729e-1 -1.00011083711409737e-1 -4.09611774663056538e-1 1.21881362829662360e-1 2.21518265865058416e-3 7.67100711886575526e-2 -1.78065633999282963e-1 -1.50760525811781732e-1 -2.39456341046724558e-1 5.92366584999430828e-3 1.76397653742775939e-1 -6.51908024460755905e-3 -1.00487002779386450e-1 -3.51843896490744851e-2 -5.41723744202130320e-1 -9.61554743306332893e-2 -1.56239698698830837e-1 1.45040512948654693e-1 2.87568408600352321e-1 -4.81963693309873820e-1 3.42205040693393456e-2 -7.22750447962430265e-2 -2.85236997808145154e-1 1.29968864183780036e-1 7.59861016406245676e-2 2.60356635312233964e-1 2.64186869211441959e-2 2.03004169155283826e-1 9.19609125040655173e-2 2.68324561008314089e-1 3.62578674478835850e-1 1.10468749390926102e-1 -2.06732791648738701e-1 8.04459098098993658e-2 -2.84044301513771025e-1 3.40550493896737971e-1 1.09857338962663420e-1 3.05725797528788701e-1 9.49023510279057084e-3 2.02422817260362042e-1 -1.42673824062809734e-1 -1.82227580052893773e-1 -1.94768602396051288e-1 2.16434455757512495e-1 -9.61787631118352637e-2 8.30346252065515961e-2 1.68590018979392881e-1 3.79610935150147613e-2 7.92649263805439708e-2 -2.34397903362700444e-1 2.75508110078162893e-1 1.45932623139975653e-1 -1.52941530775541235e-1 -3.99745227481241722e-2 -1.08411125553226545e-1 9.12302463321237600e-2 -5.58589669751074977e-2 3.26469366490330482e-1 7.76502672473020489e-2 -7.88983900631984730e-2 -2.02564490849944573e-1 -7.11552926777413771e-4 -8.50589116958315183e-2 -5.27257893461674440e-2 -1.96085611582908825e-1 -8.16648073656453949e-2 -2.85690296941085053e-1 2.06994915387581774e-1 -4.60820981090804757e-2 -1.19996644354074446e-2 -2.28390983334916836e-1 -1.69785289206691503e-1 -5.62376847106339020e-2 -1.09857471682340377e-1 9.59563282856440575e-2 3.32562838846460276e-2 1.11230305251871331e-1 -2.04530073938360896e-1 -3.86206506393635574e-1 -2.27886766076780614e-2 -2.32504046002002251e-1 1.92300933311926714e-1 2.28133868174715065e-1 -4.48299721097937365e-1 3.83661366562535605e-2 -4.30775146007429527e-2 -2.57724357685732597e-1 5.80846299457055265e-2 1.16271176986918884e-1 2.14274468991672656e-1 -1.28045177401882537e-1 3.13212525575910727e-1 -4.15582325000954933e-2 1.07269011028545053e-1 2.40769992671246880e-1 6.69395710566206281e-2 -1.33239896755188214e-1 -6.17978235697221323e-2 -1.15927677739186732e-1 2.31011315219009083e-1 5.47571372827255695e-2 2.95051068574162023e-1 -7.45293676826137286e-2 2.56464266498009796e-1 -1.36629537348780493e-2 -3.82103219185075615e-1 -2.89196003728818263e-1 2.13560379002196016e-1 -3.30031656082595479e-2 -1.51684437129315716e-2 1.93729103547222066e-2 5.26723365608784203e-2 2.02014267797146291e-1 -1.65259081923656154e-1 5.00004622429264661e-2 1.31469076874340007e-1 -1.13246135948732313e-1 2.10713624134902175e-2 -7.52375145692803365e-2 1.47774159858279353e-1 1.46258777261265276e-2 4.00054530322238255e-1 2.04815757207431864e-1 -4.35703751526705790e-2 -2.61590701432394324e-1 -1.01021900485182559e-1 -1.33604639626193178e-1 -1.58603226894159129e-2 -4.41263582688344147e-1 -2.38165848147419146e-1 -1.71530706192622659e-2 9.65942027800102826e-2 -2.00548349054355951e-1 -1.47835087590034407e-2 -6.62623286983699683e-2 -2.61940946985553147e-1 -1.22938577975577792e-1 1.07413166333859431e-1 1.05496962463772478e-1 2.15485940658769859e-1 -1.68456193709694807e-1 -6.87373530367964003e-2 -4.31659831062595589e-1 8.77731956824995274e-2 1.29564575447197489e-1 1.73168769957868063e-1 1.65984420710294428e-1 -3.97932407460297177e-1 -9.47781778016234949e-2 -1.88132149814164595e-1 -1.28561459814780649e-1 -6.54065371985529109e-2 1.75832233830923806e-1 2.39416643251760819e-1 7.56822848523488745e-2 -3.73336388564224908e-2 9.64141242063837056e-2 2.85236167574629496e-1 1.59414632191057226e-1 4.59982376692898154e-2 -6.13328136612157349e-2 -7.16905092140267819e-2 -4.34393942504393893e-1 4.34010173567801361e-1 5.27545423320878188e-3 1.67112107048776437e-1 -1.72374473400316475e-1 3.03997493302487709e-1 -2.84622891836908587e-1 -1.25887173558054104e-2 -3.97760498669069151e-1 2.09702946213694674e-1 -2.65652648696065086e-1 1.25228702980312995e-1 1.48513707632641406e-1 2.49821349673751691e-1 2.70101321419222107e-1 -2.53255024605669385e-2 -5.87450486922604237e-2 1.58522296948022889e-1 -2.03771509109341248e-1 -2.68656313941304847e-1 -2.46768353881182290e-1 2.36500398838309533e-1 -5.47231277256414600e-2 5.01209692629364101e-1 1.84571526424615967e-1 1.20293068946446702e-1 -1.41333357542231253e-1 -2.32141847555273700e-1 -2.00055844616178286e-1 -6.46263264647371910e-2 -3.81050442098312181e-1 -1.83703726180752286e-1 -9.26662504096875533e-2 9.12361933660465474e-2 -7.19151464169575233e-2 -5.45110619769886631e-2 -1.13424463959397273e-1 -2.47093701313712832e-1 -1.44134327722896638e-1 2.17200248163679603e-2 6.09897415802615611e-2 1.63569154464099142e-1 -1.14931328249407938e-1 -6.97042540031748703e-2 -3.69212149571304604e-1 7.28444183095356690e-2 5.65436725776921334e-2 1.79651336714549525e-1 1.77797989511377208e-1 -4.02188210765126342e-1 -8.84295100484976809e-2 -1.47550735764291618e-1 -2.07063356620660888e-1 -6.15953658884300578e-2 1.44698600098850105e-1 2.83329653438338214e-1 8.75221370390220910e-2 1.76330230271393509e-2 1.33714222123606896e-1 2.49299473072067734e-1 1.49962313086867749e-1 7.92655442316366338e-2 -4.54050786910224144e-2 -1.91185213609515875e-2 -3.59970543102132612e-1 4.03594690173576798e-1 -6.71607061621024449e-3 2.62906141930074388e-1 -7.62099020916141012e-2 2.55358237079493344e-1 -1.50057295913099326e-1 -1.08745066779060956e-1 -2.71201163266361456e-1 1.60151778350036605e-1 -2.07360702349578513e-1 9.08605748724229806e-2 7.47304082656258806e-2 2.57566120145093447e-1 1.69514127157479516e-1 -9.11604634976999686e-3 -9.68726181627087811e-3 1.02765955657650773e-1 -2.02505991781239320e-1 -2.26081677306985557e-1 -2.65162394791374045e-1 2.31610706769258295e-1 -1.24914579097409797e-2 5.03104728519916500e-1 2.15408485626451152e-1 8.95963556218316998e-2 -2.30595173397052738e-1 -1.52000814271520540e-1 -1.86265186541613476e-1 -1.14599041845596869e-1 -1.59139258872261213e-1 -9.75152973442984100e-2 -1.49420305762333838e-1 1.28608819663481144e-1 1.58482163612879617e-1 -4.56709169687218933e-2 3.25966206487677268e-2 -2.51302489478659352e-1 -8.45798576737718105e-2 -9.81356079404698683e-2 4.72703677821065746e-2 2.27449447137413857e-1 -3.71784283366189822e-2 -8.51464249383607763e-2 -3.15687298655673576e-1 9.23726174356574031e-2 -2.95747169307260683e-3 2.17518087243421976e-1 7.87969765270733064e-2 -3.63896740051729561e-1 1.77753461559647316e-2 -2.01037502098641546e-1 -2.62091935219173289e-1 -5.55512276515339326e-2 1.14480342724754214e-1 2.12136709822807190e-1 1.04029401417561900e-3 3.97319439956018566e-2 -7.34069262137204172e-3 3.14753113769364930e-3 1.71738877006004431e-1 -7.61477798023380420e-2 -3.96802971847862937e-2 -3.35011665887466961e-2 -1.60922589559091611e-1 3.57270257737132557e-1 -6.00635734110705546e-2 2.75345499417289974e-1 -1.33944434528759343e-1 2.90348537624142977e-1 2.69075269688031282e-3 -1.48754321198428491e-1 -1.77715055332454352e-1 1.20735282306264236e-1 -9.26350728155696246e-2 1.86251019167285731e-2 5.87028229091460380e-2 1.32371126208096157e-1 2.29859057803229322e-1 1.12157074233676962e-1 4.51199297256188198e-4 -8.32904238783173899e-3 -6.57886685693717388e-2 -1.69781189065811189e-1 -1.82453383111453094e-1 1.23878566156938819e-1 9.16127420682901067e-2 4.20286840843806020e-1 3.42283518821844490e-1 1.36893822428610701e-1 -2.44495133932418202e-1 -9.05448091511762421e-2 -1.51900199101927841e-1 2.26322146608957837e-2 -3.33046430297264551e-1 -3.15832411556635828e-1 -2.07445596706217483e-1 -1.84700539260638889e-3 -1.05413057516354543e-2 9.00513757456776337e-2 -8.29121928559434507e-2 2.96157096159166758e-2 -5.06881899881128431e-2 9.04496682033253674e-2 3.84844123976266633e-2 2.28128270221116036e-1 -1.34920137759906356e-1 1.86303385374314116e-2 -3.41862947060785849e-1 4.82202231273142629e-2 -6.99116943770029392e-2 2.10129404408375076e-1 -1.02439310147516352e-1 -2.17119270344020204e-1 1.35157069989449846e-1 -5.29057928403710437e-2 -1.23958018893693414e-1 6.54915284265220332e-2 4.27092900730725658e-2 1.76628911174124104e-1 -3.91767396552299575e-3 -1.04849411014698649e-1 3.33342251175336932e-2 1.77862082864460286e-1 4.74127648881916899e-2 -6.43388810821123591e-2 -2.98476165325664511e-1 -1.97443375120437609e-1 -1.87019249023915785e-1 4.44822419467947650e-1 1.36810626142579633e-1 2.32083259252304497e-1 -7.10777741080325653e-2 2.54495098264717556e-1 -1.62581275038215456e-1 -1.20731105744093820e-1 -1.88521947214424279e-1 -4.48179624297468035e-2 -1.03778787512039838e-1 -8.18519214379257870e-2 9.12647013811464097e-2 1.29591920026751850e-1 2.44110601841831837e-1 -6.74058484691149318e-2 -2.50325752301192505e-3 -3.47436983968871238e-2 -1.93382689723673395e-1 -5.79646325453173836e-2 -2.89964358135836098e-1 -1.70030703454192939e-1 8.18621788094984759e-2 1.27120143526769480e-1 1.56942330354043119e-1 1.60592279080882000e-1 -4.16331260273484161e-1 1.16987693450709515e-1 8.34033736888810662e-2 7.41605987180005144e-2 -2.60302891125768376e-1 -1.34288787936270304e-1 -3.39644542671441063e-1 4.34855309413427205e-2 -1.04621728884812734e-1 -3.40007772835951641e-2 -1.15038419424818558e-1 -1.57543030060388028e-1 -1.58993188746345410e-2 -1.88650147484496003e-2 6.66063945669996688e-2 1.64181597477540048e-1 2.35958842241336883e-2 3.96389943503849124e-2 -3.13572717283959024e-1 1.33128487308338622e-1 -1.77499990011081472e-2 1.93711747798233469e-1 1.08365722616039231e-1 -2.95670408357564862e-1 -2.29212652235548514e-2 -1.57560503765117668e-2 -1.84871452796058711e-1 9.33931916876389184e-2 7.65698354098214018e-2 2.84789253368686046e-1 -1.12019692131522294e-2 2.17917748495387092e-3 -4.20840604198959439e-2 1.20810856216863730e-1 3.82401835008848445e-2 -1.35043963961105837e-2 -7.96543633135258500e-2 -1.19214320925414008e-1 -1.56474802490907755e-1 3.05295468354693456e-1 6.68327327455922743e-2 1.59072689520827065e-1 -5.80468039025289900e-2 1.78618252652226278e-1 -1.59577867344722124e-1 -4.11927301313524813e-2 -2.12557873683407089e-1 9.75764471967091040e-2 -7.87419016574175124e-2 -8.80618193050294595e-2 -2.52474009162266620e-3 1.99297709404606199e-1 1.88972934263492987e-1 1.96875631857095813e-2 -2.13029873741029142e-2 8.82453545143518370e-2 -1.10608821747043326e-1 7.38998422147472134e-2 -1.30413092665647073e-1 6.29580427427660905e-2 -4.41540326423674884e-2 3.22203118394635724e-1 1.21147702470387239e-1 -6.82367616415346101e-2 -4.06763291840339769e-1 4.28185209260599497e-2 1.07588709687143815e-2 6.39843893443844264e-2 -2.87083550614569694e-1 -2.17299370399277630e-1 -2.60042173310632230e-1 8.69196945412864796e-2 3.60947203060469832e-2 1.01460714807787511e-1 6.07008210572307430e-2 -2.33822884855319518e-1 -3.33364784619869722e-2 5.98850920937600423e-2 1.28321319101476813e-2 3.10853129057696353e-1 -4.62475110732290390e-2 1.82730210670241616e-1 -1.99147245023612585e-1 1.38183239821882603e-1 7.00698360728078673e-2 1.43384946036789251e-1 9.14771453682296926e-2 -1.77078123393330483e-1 -2.81773562176121373e-2 -1.34921482885388466e-1 -1.35574842574439608e-1 -6.69456388188205825e-2 2.33013409741949534e-1 1.44148466450968626e-1 -3.48792122581689226e-3 -1.80145853790081384e-1 1.51925070400168692e-2 1.20089509420132981e-1 -5.53256983662571492e-2 -1.23909307627840803e-2 3.74476192365043106e-2 -4.83663666666025102e-2 -1.47059972323489302e-1 2.45396123769083818e-1 2.14723092054803326e-2 1.80181963961100339e-1 -5.82507646633087586e-2 1.24680425201980111e-1 -1.97369026727310437e-1 2.80176532664605082e-3 -1.90445838953661822e-1 4.12109278623728065e-2 -1.59328719733494939e-1 4.20552462762287318e-2 3.97482509950539617e-2 1.94789890551638700e-1 2.93184867644904312e-1 2.07645216333672444e-1 -1.34414456733695287e-1 4.88146918904701910e-2 -5.72757373530737024e-2 -9.30494842151524115e-2 -1.04740947606413712e-1 6.35794164211231638e-2 -9.77578369819703669e-2 3.78428577787062403e-1 1.10835300375294141e-1 8.85063472782124661e-2 -3.61831833066376340e-1 -1.18812653607730079e-1 -4.72905663158054851e-2 -4.69395031613488306e-2 -2.62486161511822580e-1 -1.61907422549388280e-1 -1.99534565520731594e-1 2.09487600960742176e-1 5.50067236996440515e-2 4.60406004047567430e-2 3.41915368698509359e-2 -2.40871748885490011e-1 -1.85471464891243179e-2 6.84943817004135258e-2 6.72507705426247382e-2 2.50757468129277961e-1 -5.81352022020500125e-2 1.55631772294490989e-1 -2.60320197102609563e-1 1.04255698905992372e-1 4.15497575766702876e-2 1.00988134571690147e-1 1.68435366958452348e-1 -2.34894175703416280e-1 -2.98004315276462588e-2 -1.65329650713454568e-1 -2.29644115935484838e-1 4.80093285349634386e-2 2.41695153086647629e-1 1.48690347948618934e-1 -4.51306239586850150e-2 -1.09450348636137063e-1 3.59961406320846236e-2 1.38979650082900363e-1 7.33880171051277952e-2 -3.05391722830642663e-2 3.44178270806458353e-2 1.12135635335065854e-2 -1.90569349125441073e-1 2.21831081662296842e-1 3.57327784611466068e-2 2.50232408441165510e-1 -3.41821971096821428e-2 1.67649197678273881e-1 -2.17506241405874406e-1 -7.96493900941652039e-2 -1.70466690282821409e-1 7.03554187760826732e-2 -1.22143709958768609e-1 -5.11370803363136919e-3 -6.19278264539225090e-3 8.79682666353680393e-2 2.24976917450143976e-1 1.41400549624782462e-1 -7.03960473584285124e-2 5.84622375137021644e-2 -1.88521762894021984e-2 -1.09261469577464770e-1 -3.03177418208328900e-2 8.88903748029027108e-2 -4.26962880894120184e-2 3.29192535279801746e-1 1.63356174116997571e-1 9.41129954133318319e-2 -2.71250387766491630e-1 -1.37560484728683319e-1 -1.09172035649718099e-1 3.18747254756667764e-2 -2.61795955088123311e-1 -2.24926252341047267e-1 -1.86979323441530038e-1 1.54928225350557475e-1 -3.23889177156465174e-2 -1.38062702644160418e-2 8.53820279779308328e-3 -1.35867096108525737e-1 6.90403925841001076e-2 1.34671204890022461e-1 8.97856794019307874e-2 2.33347813294537715e-1 -7.31288462097024333e-2 1.96494718482920105e-1 -3.29726046057671529e-1 9.63288999670792456e-2 2.50562316228119253e-2 1.19330930682529507e-1 1.22479157886345752e-1 -1.88594103914425909e-1 4.95826881053725455e-3 -9.90963372982361784e-2 -1.00248807458937911e-1 6.35851897173529551e-2 1.06018525807684519e-1 1.22230845042884118e-1 -2.15338981552963445e-2 -1.62079405444568253e-1 3.93504133976273207e-2 1.72905373436971543e-1 -1.62517364387406507e-2 2.35167123721579741e-3 2.78630222745590989e-2 -1.23714442256756429e-1 -2.00602592233081634e-1 2.22483376480432232e-1 6.54160406229300356e-2 2.46767824802283348e-1 -2.74262727061237860e-2 1.90070118856516035e-1 -1.78695023493312982e-1 -9.09190415910913867e-3 -1.05303573175129880e-1 -3.44250577625372645e-2 -7.43003690713094911e-2 -6.85054524514607105e-2 -8.90344920077900948e-2 1.13585751544031846e-1 1.21121394828284781e-1 1.13151880776052358e-1 -7.03142444727819782e-2 5.29293374278461039e-3 -1.66029677340024731e-2 -4.77246729461080783e-3 -1.69990609493815392e-1 5.82986170796546480e-2 -5.52401483057097555e-3 2.07952270377576048e-1 9.75288743666648944e-2 1.06484894683860520e-1 -3.41113446507809615e-1 1.46967066406737470e-2 1.44995350749525733e-3 3.73399017881318046e-2 -2.25103382369266192e-1 -1.26406119184483717e-1 -1.78203366132484858e-1 1.76805838215999711e-1 -7.76422489157653842e-3 2.75749708055535898e-2 -2.63944912517102594e-2 -1.38586504140937844e-1 -8.87596892650788054e-3 1.08346985246830785e-1 2.96983988457650838e-2 2.44089230241215593e-1 -3.08059166171592257e-2 1.56411411507836162e-1 -2.68912485376622101e-1 1.31490784299419516e-1 -3.07719870126857871e-2 1.33805617071512367e-1 1.78008762038818408e-1 -1.61313369039566556e-1 -5.63794278988427461e-2 -1.12853357223824544e-1 -1.23907166260657647e-1 -3.94903213128495190e-2 1.64483626501406133e-1 8.84596481298374343e-2 -7.61553761274406937e-2 -1.21726136418163017e-1 1.59333676629738429e-2 2.54989866282739341e-1 1.97611557190562441e-2 1.14589971101873064e-1 6.41377967929710469e-2 -7.63395352474943306e-2 -1.90282127367212339e-1 1.32473805543564388e-1 7.40606888762039284e-2 2.78593531941196404e-1 -8.14139810912473290e-3 6.72514097022089835e-2 -9.50575620810821392e-2 -9.40137435632139307e-2 -6.46415251006402930e-2 7.23828831817964063e-2 -1.03142090992610166e-1 -5.21657095022272296e-2 -1.10455158080593877e-1 1.24052776686870606e-1 1.19710104796659791e-1 1.17169705975510505e-1 -8.20677253390920680e-2 4.05099685757225464e-2 -2.94151822847543189e-2 -7.88999176680049569e-2 -5.04915730755926412e-2 1.67323716494476166e-1 -5.66152799357978256e-2 2.83570630051986683e-1 1.43987417638066273e-1 6.29568064359632001e-2 -2.25477980396896871e-1 -1.15360820058244176e-1 -2.25117136956162374e-2 2.03056038916552863e-2 -9.79557493270194202e-2 -1.36854557541821825e-1 -1.22282519593242753e-1 1.51657565707813607e-1 1.02291888660720476e-1 7.70285239185401760e-2 -1.34628477223224241e-2 -1.93875614418333120e-1 3.37031776010892833e-2 -4.14289513958762054e-2 -3.91158410412896992e-2 2.59565660732648862e-1 -9.81247671325062576e-2 1.88547213137606362e-1 -2.34618239498378678e-1 7.52972332667808594e-3 2.34609030684358594e-2 6.64363815933060597e-2 1.09549006323033049e-1 -1.34965492482597565e-1 -4.64143853347542389e-3 -2.26784571648466826e-1 -8.22829113831335252e-2 -9.56788595196693958e-2 1.33241789101633340e-1 1.62095173759031069e-1 -5.60997405512541417e-2 -1.24908031802332994e-1 -7.89179340421626019e-2 1.69498800636198127e-1 3.01245672729779229e-2 1.16745790657329707e-1 1.58085551956120646e-1 -7.09317335984711167e-2 -2.08189369220015796e-1 9.68595824338358002e-2 -4.13974681840645620e-2 3.21495222549280923e-1 -6.01082474122595009e-2 1.83793418144892501e-1 -5.20527619236030720e-2 -1.66069496369868064e-2 -1.21522321777483677e-1 4.71220033634752594e-2 -1.31046168999778667e-1 -9.78897753277788996e-2 -1.47316340473408747e-1 1.56011442006452394e-1 1.46512545387979365e-1 1.05891849219875600e-1 -1.12617624167994104e-1 -1.99338181076286272e-2 1.11485899239875355e-1 -1.02523486444772938e-1 -9.07644512756886485e-2 1.07680814424712265e-1 -6.88338534483655673e-2 3.94846319571013904e-1 2.62817396521104862e-1 3.16170792549461399e-2 -1.88719198525112181e-1 -2.04085468962083821e-1 -8.92347272537848124e-3 -4.04902477449770731e-2 -6.18395296995849567e-2 -1.24381625679197361e-1 -1.65225394752066351e-1 1.95610481551993592e-1 7.53440569573814584e-2 1.15137119245500824e-1 3.03021978975291859e-2 -1.47724137475471529e-1 2.44493667045624224e-2 -2.77404977712706682e-2 -3.13865217168609028e-3 3.16725787378778212e-1 2.27981969296033233e-4 1.71109444176033687e-1 -2.26881117147889777e-1 7.56363265555877878e-2 -5.17765955393893196e-2 4.75892446788170401e-2 1.09939512596542527e-1 -7.81001782732682198e-2 1.25241376958587051e-2 -1.67059457247891008e-1 -1.47751641076953877e-1 5.92866361549347371e-3 2.11036955679562821e-1 1.14900473518726190e-1 -5.46245423841831348e-2 -1.45397757347310974e-1 -9.67814146531912611e-2 1.53270463555082670e-1 5.26628394118230855e-2 1.07047775040372009e-1 6.54752913819475618e-2 -1.06459982010896265e-1 -1.27909059737873282e-1 5.06390769035077806e-2 -1.57123893449659792e-3 3.09915990541128894e-1 -1.06990596538227151e-2 1.27308618916509686e-1 -4.59011839386557693e-2 -1.04010938348589280e-1 -7.50310734912471577e-2 -2.29522308428752042e-3 -9.91239330033679006e-2 -1.08699856228814066e-2 -1.29227338354577032e-1 6.32817190425610659e-2 1.77264848459937618e-1 1.05806458983577698e-1 -1.72895850551871816e-1 1.57918199801113514e-3 3.71876043107438950e-2 6.96613807956961706e-2 -3.02306305683047970e-2 3.29517344959481193e-2 -5.99162595383144619e-2 3.09325105930736866e-1 1.68670727723764097e-1 9.68368810895639705e-3 -2.65939371169680250e-1 -2.10274934377272044e-1 8.11147281057906094e-2 4.81189796245264159e-2 -1.41621248780587600e-1 -4.36327466556944502e-2 -1.39606194247855975e-1 1.06516161800735101e-1 1.31865725373398672e-3 2.70391550998770880e-2 -3.66563286897862509e-2 -1.43696857167526032e-1 2.26720410797617757e-3 9.63371508038126378e-2 -3.65485689421036070e-2 2.20269719236339562e-1 -3.97960403155427148e-2 1.78083071380063351e-1 -2.90269111367189525e-1 1.57747897343969101e-1 -8.89843548348288049e-2 1.41569521036201740e-1 7.34699054014943537e-2 -1.69289297937695107e-2 -6.66912890972043981e-2 -1.63464043790066710e-1 2.07451772544248909e-2 2.30364167027251841e-2 1.88783156932774865e-1 5.66729659495708929e-2 -8.65885695107313294e-3 -1.27082090305692647e-1 -1.38148211812217175e-1 2.67214707800262796e-1 -1.15164483354422888e-2 1.72419001845423803e-1 -6.92473038983557609e-2 -2.04821462486568295e-1 -1.94065743290714188e-1 1.03762933544373173e-1 -2.70576583542563379e-3 2.41947471145510906e-1 -3.26381969710449124e-2 1.15869817013653953e-1 -9.09296080850151983e-2 -7.20989584358199265e-2 3.86305176504673914e-2 -3.07687696107274179e-2 -8.44744731415108252e-2 -1.14767653530920721e-1 -9.12007509760504598e-2 1.76115743294135096e-1 6.91566161374659316e-2 1.29393163879941875e-1 -1.25526897281448779e-1 -1.22113026656963889e-2 -3.38020359432078810e-2 -4.12851707656572489e-2 -6.18026566963304699e-2 1.22280809731705797e-1 -1.52476639850319701e-1 2.84359367534877838e-1 1.61471723494386071e-1 -7.91088044697371984e-2 -1.95152526380775293e-1 -6.69648285148519151e-2 -4.92084771133409551e-2 -7.44246969323267005e-2 -1.19689565772043413e-1 -7.98776288526298617e-2 -9.69148181187022700e-2 1.45636392944998611e-1 1.16099959906450459e-1 5.05457512658407590e-2 1.35546172501246516e-2 -1.80294433491114958e-1 -1.54986529848456650e-2 1.04022178247564462e-1 -4.40585499251167356e-2 2.31798656038108924e-1 -5.95275726643727104e-2 2.19264639386723470e-1 -3.42058547896891774e-1 5.31225326464810424e-2 3.06173900889639096e-3 6.32334020775820599e-2 1.66349468146079676e-1 -3.93390769700573129e-2 2.85365837208977693e-2 -2.38897565503660814e-1 -1.12902515899018979e-1 4.21476295837080529e-4 1.66229513096762177e-1 1.54416551844383826e-1 6.93209504797006604e-2 -7.31087031392475550e-2 -1.26358382087373378e-1 2.71038012990900468e-1 9.45915198941012503e-2 1.31405663433419140e-1 2.61385811060684432e-2 -8.68080137089473347e-3 -2.05096493834359683e-1 1.06059482316853637e-1 -8.23449794716183715e-3 3.77562289230816028e-1 6.03930210638814399e-2 1.37089820941473456e-1 -7.60329188082575769e-2 -6.26658736673017525e-2 -7.31885486714969752e-2 -3.69038317252428846e-2 -6.15193507228918718e-2 -4.03084410578616187e-2 -7.15320639363964533e-2 4.29766695155307799e-2 1.05703504226282108e-1 9.53255371984339239e-2 2.06570499961574484e-2 -5.03232438617333203e-2 3.26423660882536604e-2 -8.03031686933129013e-2 -4.29699541883286629e-2 4.24776549721619032e-2 -1.14304423645782319e-1 3.01115740356723727e-1 1.30533093544333151e-1 -9.37279227263172060e-3 -1.29377609285244860e-1 -1.83493936435744631e-1 -3.96284387576530950e-2 -4.78437673068871083e-2 -2.19282825639616624e-1 -2.05784400706613996e-1 -9.86320618797163762e-3 9.97245487958229176e-2 2.92906911418818368e-2 1.67799984428998877e-1 -5.60886822942214050e-2 -1.37558138254058552e-2 3.91749486693194170e-3 9.44044843149786789e-2 -1.91303393840305924e-1 1.37286164806137034e-1 -8.88884858804382394e-2 1.44161187474773550e-1 -2.40057264772085804e-1 1.43510302375436868e-2 -7.39769068662388257e-2 5.37472583809905854e-2 1.44219069121270665e-1 -1.77040360469517336e-2 6.77728859338196238e-2 -1.85028466475069125e-1 -1.57543397881087344e-1 -1.02636734081282682e-1 1.34307721359157972e-1 1.50662004216187861e-1 -1.12349173530733367e-2 -1.03643402447335956e-1 -2.45822050620130329e-2 3.29449119365054333e-1 2.92664447550776211e-2 1.14903623115363840e-1 -6.47036250871577401e-2 -5.07632086603354502e-2 -2.67286148998123418e-1 2.22565997380937436e-1 4.88573535350672744e-2 3.26648545924353495e-1 7.23704735166392776e-2 6.06654286421514227e-2 -1.02291714951355237e-1 -1.27046463037083446e-1 -9.02801602540787423e-2 2.76385580315581872e-2 -6.08849108244514797e-2 -8.31103453106500772e-2 -2.47584694307831713e-2 5.38929831964423192e-4 1.68315557551277806e-1 -1.70481673341333802e-2 -7.35585875907174974e-2 -3.96975848935205294e-2 -8.37754995121747920e-2 -1.51664135461178434e-1 3.18348705454702258e-2 -4.32025600295372070e-2 -2.99713853256710870e-2 1.96589467442020799e-1 2.88542833541071200e-2 1.38741669658599444e-2 -2.24217893200439194e-1 -1.17213862682229442e-1 -6.92215577452159753e-2 -3.01745581134196597e-2 -1.68204013353658366e-1 -1.96301882404689459e-1 -3.51862443262171837e-2 7.62427522118178658e-2 5.87335045366964154e-2 3.22254022164964529e-2 5.53729419874633873e-3 -2.32785319004386898e-1 4.17371951940807839e-2 1.05252979506025898e-1 -2.29292043723072242e-1 1.45780805368923377e-1 -6.04432911896532477e-2 2.82801648915558923e-1 -2.43474988539467890e-1 4.22015030045503683e-2 -1.12970812204663471e-1 -3.25020083132355198e-2 1.40380863520436466e-1 4.22751074467215063e-2 -4.55113468673506785e-2 -3.50306719558388102e-1 -5.11899409616554738e-2 -8.17498950505194666e-2 1.79491819113788864e-1 2.52630873331711359e-1 1.14426984020178438e-1 -1.27225896226143526e-1 -3.99472241991178714e-2 2.40312895194646881e-1 1.26136181408224080e-1 1.39266853603428498e-1 7.12206321348436699e-2 -9.36217722263242708e-2 -1.93269995520058052e-1 2.87434133311414930e-1 -1.22080696322870150e-1 3.77361120533459049e-1 9.65592608566791244e-3 1.99336714100425416e-1 -1.21355452313695628e-1 1.03659011063348388e-2 -2.26769168155232983e-3 -3.49397877907621571e-2 -1.64380133397296985e-1 -6.73087946639268075e-2 -1.74338514933422839e-2 1.55559889404758928e-1 2.52723997729802433e-2 4.32545316566865928e-2 -9.57090369364235888e-2 4.03691481648927181e-2 -4.08232040786780451e-2 -1.81680020958319227e-1 1.23697520424798143e-2 1.15198115071332586e-2 -1.66306381535675424e-1 2.47890782783110775e-1 8.88273580890937969e-2 1.38612462929387226e-2 -1.19414402340317111e-1 -1.52519381337207605e-1 -2.00690770763043286e-1 4.19640260199753909e-2 -1.45419659100517296e-1 -1.24331583815342466e-2 -1.17892283960382566e-1 1.40888877041203481e-1 5.83285519417010151e-2 1.45865490878746701e-1 -5.47220487182152188e-2 -1.21739020768721090e-1 -9.11474591819463470e-2 6.37442143306561210e-2 -1.37595710624701856e-1 2.11018082835155801e-1 -1.17040432201823974e-1 2.17070701486319129e-1 -2.91739296344426913e-1 6.17400263627506801e-2 -7.81718837618855661e-2 1.28260707342199382e-1 8.98755489781671024e-2 -5.11901642966728146e-2 5.29141518731266330e-2 -2.84278412933103630e-1 -8.49072587818145985e-2 -9.32066219249246680e-2 1.83607224173378741e-1 1.03383985517706611e-1 1.16097112914554500e-2 -5.41655855544428133e-2 -1.04109924960389399e-1 3.29352776790091950e-1 6.10430811729312586e-3 2.07388308636968860e-1 -1.03239741406500413e-1 -1.10289020573976510e-2 -2.42818012422299861e-1 1.32615426116553581e-1 4.78970418511482712e-2 3.48620762931418637e-1 3.44180431941739431e-2 1.01545817759963117e-1 -1.18638008467941591e-1 -4.05598523779939837e-2 -1.14785722527410664e-1 6.37295682941468183e-3 -3.85024036007013126e-2 -5.59995516641355121e-2 4.23253451659294372e-2 5.62073373779303914e-2 1.67848385569154018e-1 7.50571161058192909e-2 5.66601814307398782e-2 -3.01797445606896836e-2 5.17101330109506277e-2 -1.15238690371631008e-1 -1.52176534185823678e-2 -5.38490542047489334e-2 -1.20158600256058345e-1 2.80289647015103671e-1 1.08985383160812591e-1 -8.04063514327015422e-2 -1.31592107118464668e-1 -1.54718852913753729e-1 -8.33472890941144434e-2 7.56752656219503439e-2 -8.59735336858981347e-2 -9.94115120870896762e-2 -9.69592763313792266e-2 1.61711161109158147e-1 -6.37221816187927975e-2 1.31641150227799403e-1 3.82343789691993868e-2 -1.78635643262714694e-1 3.01890697030512481e-2 5.53394203541087773e-2 -1.25520586334093076e-1 2.39752706309033226e-1 -1.06414685091090949e-1 2.05270279341272482e-1 -1.99194422645246866e-1 1.25075116541942200e-1 -1.47480633437580916e-1 5.68654297041313195e-3 1.12752977818055683e-1 -6.17384773322135205e-2 -2.69181573177978521e-2 -2.53345375412779072e-1 -3.72050123676368749e-2 -7.81710013510700935e-2 2.17091974551798905e-1 3.99352941813230292e-2 -1.14828220856767436e-2 -1.24767828896719668e-1 9.16067501458478375e-4 2.27208270063470053e-1 -3.41505307155869509e-3 1.36474592610815099e-1 -3.26668522976434547e-2 -1.23177955782881043e-1 -1.67891201258452027e-1 1.67294895721570774e-1 -1.67384814760937798e-3 3.05098379183847079e-1 -5.21749975226332707e-2 1.43436303125499348e-1 -6.97382323910292895e-2 -3.94000342645927162e-2 -1.18706710890740211e-1 -5.08427030008236081e-2 -1.17329452878659368e-1 -9.16798976502171403e-3 6.19323730095149710e-2 3.71850673132387679e-3 1.83853182617507049e-1 1.23749441605493254e-1 -1.24095484321283644e-1 1.01201290362373894e-1 3.80940693665411147e-3 -7.00586720327862622e-2 2.24692503232202488e-2 -2.94888053253580633e-2 -6.86974066963124269e-2 2.49003421488499882e-1 9.12830301383136811e-2 3.46686845044335001e-2 -1.60406323362422887e-1 -1.46769750733632465e-1 -2.45838170326932587e-2 4.09448595131148008e-2 -1.12360282225994271e-1 -1.16547586560212343e-1 -8.66478410095032764e-2 7.76350197834777961e-2 -4.28313425307920784e-2 1.41308107128069044e-1 1.60328470376560131e-2 -1.52040954595006078e-1 4.74094829224321473e-2 -9.19814006434055420e-3 -1.75171614176014095e-1 1.37653469037543857e-1 -1.08881194769516479e-1 1.59028871532409383e-1 -2.49197128447372157e-1 5.96028260361264398e-2 -1.04374459451010398e-1 4.33181700726565852e-2 7.47320773356496271e-2 -5.50735580100368827e-2 2.65116661401977038e-2 -2.24434090248768425e-1 1.53559453861394288e-3 -4.59017598424561885e-2 1.78035317251427627e-1 4.93924578800743197e-2 1.16465522013056891e-1 -8.48286814122721916e-2 -6.78974663053267570e-3 1.92654179685211008e-1 7.32103487381945556e-2 1.61824119691404145e-1 -1.13088745386284745e-1 -1.94940459869944294e-1 -1.87125319241336546e-1 1.65101017501549513e-1 -9.16785923208642550e-2 2.61015906286138966e-1 3.50011146615458665e-2 2.11373599798849565e-1 -4.63655981813408391e-2 -3.53270854230709891e-2 -1.58630443852944038e-2 -8.04704731058418360e-2 -1.04294916526085607e-1 -4.43547859136585662e-2 1.01418013180368128e-2 2.40707112900642416e-2 1.01960198621964371e-1 5.00722761182862131e-2 -6.44149275293678519e-2 7.84994903314885917e-2 -5.40954370776719918e-3 -1.06178418039409209e-1 -2.76534442366554919e-5 -4.62428683930693266e-2 -1.09444106764572238e-1 2.52607483442695735e-1 8.08888688572691472e-2 -4.23946289897901771e-2 -1.21046739480997187e-1 -4.69603798992390478e-2 -3.98970811857757915e-2 2.90991890685678677e-2 -8.73819690898408191e-2 -8.18744138198884558e-2 -4.23600021386830242e-2 4.17345823549767903e-2 6.68356867832788221e-2 8.80895944102298711e-2 1.22538417433488422e-2 -2.15092478732046843e-1 7.91405856642100891e-2 -6.34892160116126009e-2 -1.56791483910140750e-1 1.09082554005057702e-1 -9.08066303794353991e-2 2.02693053897016723e-1 -1.51687595476073522e-1 2.86594376096730198e-2 -1.03811004269018195e-1 1.09561697029360409e-2 5.21953898140917680e-2 1.02296299935988252e-2 -3.44243440814403084e-2 -2.38916827524043862e-1 5.64217330109026902e-2 -7.45894525918074230e-2 2.32136777943464268e-1 1.29452501849248308e-1 1.37355959665189015e-1 -1.15142618006093989e-1 -2.46684202538979824e-3 1.46831820027578691e-1 3.55228776274290128e-2 2.05511391525783349e-1 -4.88749241685127664e-2 -1.16900968682812537e-1 -1.41098029486221715e-1 1.28773587418126056e-1 -1.33453370460433263e-1 2.56170645593740642e-1 -2.01831374282488533e-2 1.41923767980706994e-1 -1.04041714433660022e-2 -3.42587923374651770e-2 4.38421496448409415e-2 -3.34801077435994410e-2 -1.16987406752064441e-1 -1.81607698292635955e-2 -3.12392520854427383e-2 9.17938224046518647e-2 9.34932453155249699e-2 1.65495049836943048e-1 -1.02504140797342352e-1 8.81670143510355497e-2 -2.58062972489652258e-2 -7.48812900225007960e-2 -8.30456023664474935e-2 3.01315612174690682e-2 -1.36495518486713874e-1 3.14832212545975709e-1 1.07769723454198718e-1 -8.46938772973293980e-2 -1.58366018495328026e-1 -6.56657306773743982e-2 -3.68008254520823461e-2 5.93462431232540250e-2 -1.29436530083775814e-1 -1.49437018315731529e-1 -3.90444081930355694e-2 1.30204489794441131e-1 -1.72704609468427098e-2 1.92478438470581326e-1 1.04692423426238149e-2 -1.47381760958045949e-1 7.91014011371586057e-2 -2.32783866391334908e-2 -1.55301347832758285e-1 8.80436782266094120e-2 -9.17939506424226420e-2 1.95459807330631258e-1 -1.30853842492946043e-1 1.04664769540179364e-2 -7.09530339215016653e-2 1.64660623686802119e-3 1.30185328728835426e-1 -2.40056896994225513e-2 3.36868877089881447e-2 -2.11934679111856206e-1 -2.49335727417394452e-2 -1.04832160698826130e-1 2.65934396384157390e-1 6.24583892784175976e-2 2.79888456430055846e-2 -7.01460430013278735e-2 4.18835006894376291e-2 2.04036148825702257e-1 1.56686865787341693e-2 1.69284639996788722e-1 -5.70761398420272740e-3 -1.13735568600401293e-1 -2.10315012778286736e-1 9.59229307837971418e-2 -5.07800319051763815e-2 2.60183968680710032e-1 -2.91431345124402233e-2 1.74352197311954255e-1 -7.79555438032652620e-2 -5.62171949235194049e-2 -6.67290215144211718e-2 1.06179587773410130e-2 -1.35999447175633448e-1 -2.40437718188656058e-2 -6.05187416605177109e-2 -4.45601310901382122e-2 1.79149408796341142e-1 6.50954397780306171e-2 -1.45648341628478950e-1 1.09044513428694145e-1 2.06665937672547741e-2 -6.44735656163160920e-2 -1.06890677684617959e-2 -1.06074873717627825e-2 -1.15630358407948317e-1 2.67133907976397023e-1 5.23866663112581427e-2 -3.65917450365168817e-2 -1.47978642696668855e-1 -1.06533711413339144e-1 -2.57845893677342251e-2 8.13763274247780027e-2 -4.80485897693526468e-2 -7.96109435049282138e-2 3.97833573898174128e-2 2.75124788800579605e-2 7.09687978028672867e-2 1.59138971128485657e-1 1.22810958938483955e-1 -1.42611313436727366e-1 5.26643348736540728e-2 -1.15606360096801794e-2 -2.24300193961628869e-1 1.68586658018290647e-1 -1.46286438856386841e-1 2.29538988892811019e-1 -1.40590078465019142e-1 1.50344059788437550e-2 -1.19967541964467836e-1 -3.58063801031692983e-2 9.68096187549418868e-2 -1.56905957463935263e-3 -2.24618619284979457e-3 -2.75867082569618394e-1 -7.46033994782340556e-3 -7.95678938897741161e-2 2.13000078430223089e-1 8.99930466220901226e-2 1.24187734050812834e-1 -8.84376341153682716e-2 -1.25016546634247692e-2 1.77122711571207403e-1 7.53701306655114589e-2 1.22294006152508586e-1 -4.53620818325173869e-2 -8.08759108879210514e-2 -1.30796436430345553e-1 2.28650188449876945e-1 -1.00001634365330008e-1 3.35208782469453681e-1 -1.43873117620570951e-1 2.15095591333218789e-1 -4.72211823181300575e-2 -9.24574220148394882e-2 1.66419521432360287e-2 -8.15148838600356362e-2 -1.59616269525756915e-1 -4.10282499996075384e-2 7.14110573762835078e-3 -5.23100627868638077e-2 1.75104612119522857e-1 6.02428092860329070e-2 -1.28533179780025153e-1 8.24951086996031091e-2 -4.89075707509033369e-2 -1.07335440012307423e-1 8.05626241550107779e-3 -1.02458564651732406e-1 -1.25711224355452594e-1 2.28969212047401366e-1 9.77923967054830506e-2 6.54087751545808366e-2 -1.43927530854891017e-1 -7.49119669905731062e-2 -3.18267735535326668e-2 4.70386158742890845e-2 -1.21714406007567888e-1 -9.61021306594100760e-2 2.94586288313821131e-2 9.71939823043229956e-2 4.24857356648315546e-2 1.47821604736976475e-1 3.74724397380926597e-2 -8.44051160669780087e-2 6.38997837578844652e-2 3.03232530194615067e-2 -2.14240402044009848e-1 1.37047874297225869e-1 -1.08335914076830936e-1 2.30760963798328611e-1 -1.82631613691916411e-1 1.42684843681557295e-2 -1.13462164179563715e-1 1.64869018858545893e-2 8.18225246482209290e-2 3.86613761476393911e-2 6.14449075514547360e-2 -2.30328841437814513e-1 -6.68353424533444651e-2 -9.40236697343074662e-2 1.92163485431471381e-1 8.10980499652506071e-2 7.46443831187874191e-2 -6.57609802004147787e-2 -2.71293217415813012e-2 2.52296376863657246e-1 4.91870654568281329e-2 2.02598620805544416e-1 -7.00183947818664720e-2 -4.95795845080097067e-2 -1.68080743567579488e-1 1.45191148988034480e-1 -7.22535726132005479e-2 3.47804450606183368e-1 -5.62096740153849375e-2 1.61860791379913049e-1 -1.88039198157603678e-2 -1.31949058847523559e-1 -4.90278555979478878e-2 1.06495570349868732e-2 -1.28144531968849673e-1 -4.42599397868622332e-2 -5.36822394066536132e-2 -5.67805110020902296e-2 1.70756788460173309e-1 3.29895917867990135e-2 -8.37498980103076052e-2 1.83293396047701299e-2 -1.30056409955250094e-3 -1.50656212083428498e-1 2.55655897922330115e-2 3.25551553164867627e-2 -1.22101955152156064e-1 2.59668465075894750e-1 1.45426050896765247e-1 -3.05927493798071118e-2 -9.58521348750034363e-2 -7.64862402043909317e-2 -1.32470218459753934e-2 2.18118741610694063e-2 -1.42858822744692276e-1 -1.24815108962421720e-1 3.35926092178920055e-2 1.12235145670134290e-1 -6.81342659796882986e-3 1.00659876229120190e-1 1.07200838605663429e-1 -1.18715914545084150e-1 3.47318810342780032e-2 7.98144560702455791e-2 -1.84108372620039817e-1 2.12331950700144573e-1 -1.01026707090498200e-1 2.15310102435137818e-1 -2.22768913472451563e-1 8.96584971990267571e-2 -6.12981220396717971e-2 3.34380998835036719e-2 1.11696146656804940e-1 2.68827988127867887e-2 1.39558007909005698e-2 -2.60194498696002918e-1 -1.14819503530134509e-1 -7.63769101822187185e-2 1.75705579046226440e-1 8.55072542087204346e-2 1.29466385451878913e-1 -1.33049099162699941e-1 -6.06861184472052353e-2 2.27441524099696812e-1 9.83224074094747047e-2 1.28935425814436760e-1 -3.59407769715568287e-2 -8.67649721872741919e-2 -2.08482217789861424e-1 2.39720987217635212e-1 -6.16787121550999295e-2 3.14069722037021659e-1 -1.08009888714456256e-1 2.08211763653304516e-1 -6.42504123874387267e-2 -9.77277436089036833e-2 -7.42926276881031716e-2 2.70981400830847784e-2 -1.55589750134959376e-1 3.11997306794554799e-2 -9.99457866156441693e-2 -7.75427819328730616e-2 2.00883438853714180e-1 8.99104553132234752e-2 -1.27745424844035615e-1 4.65249611925777837e-2 -2.75135260137201708e-2 -6.30780074239653821e-2 -1.76106264668467183e-2 5.96275264466067656e-2 -1.03509733669024453e-1 2.42473842350240193e-1 1.01865170895905688e-1 2.38756614604577061e-2 -1.30569100785246694e-1 -8.76403387929829691e-2 -3.92611528795187084e-2
lse 6.72690417202648216e-1 7.48255186053764954e-1 8.97738294041899199e-1 1.31727298550388361e0 1.46090627654801741e0 1.79887355948968186e0 2.04965571117950285e0 2.10119361171494834e0 2.15294230126854247e0 2.50632349716585878e0 2.68053459685677087e0 2.53015198560409837e0 2.66465932683847617e0 2.91885242608249706e0 2.77673617959879504e0 2.81148248056605699e0 2.92543796412430712e0 2.92908944024244722e0 2.88643526916217885e0 3.05158536653623713e0 2.99727609891640068e0 3.03199553951512923e0 3.18130267745687645e0 3.41495268105441863e0 3.29510340946151636e0 3.21575902316761031e0 3.31531928657019792e0 3.36642685346072579e0 3.33762285309748652e0 3.49520493835406931e0 3.43935889801249139e0 3.42802826361512825e0 3.58505032765577436e0
dq 0.00000000000000000e0 0.00000000000000000e0 0.00000000000000000e0 0.00000000000000000e0 0.00000000000000000e0 0.00000000000000000e0 0.00000000000000000e0 0.00000000000000000e0 0.00000000000000000e0 0.00000000000000000e0 0.00000000000000000e0 0.00000000000000000e0 0.00000000000000000e0 0.00000000000000000e0 0.00000000000000000e0 0.00000000000000000e0 0.00000000000000000e0 0.00000000000000000e0 0.00000000000000000e0 0.00000000000000000e0 0.00000000000000000e0 0.00000000000000000e0 0.00000000000000000e0 0.00000000000000000e0 0.00000000000000000e0 0.00000000000000000e0 0.00000000000000000e0 0.00000000000000000e0 0.00000000000000000e0 0.00000000000000000e0 0.00000000000000000e0 0.00000000000000000e0 0.00000000000000000e0 0.00000000000000000e0 0.00000000000000000e0 0.00000000000000000e0 0.00000000000000000e0 0.00000000000000000e0 0.00000000000000000e0 0.00000000000000000e0 0.00000000000000000e0 0.00000000000000000e0 0.00000000000000000e0 0.00000000000000000e0 0.00000000000000000e0 0.00000000000000000e0 0.00000000000000000e0 0.00000000000000000e0 0.00000000000000000e0 0.00000000000000000e0 0.00000000000000000e0 0.00000000000000000e0 0.00000000000000000e0 0.00000000000000000e0 0.00000000000000000e0 0.00000000000000000e0 0.00000000000000000e0 0.00000000000000000e0 0.00000000000000000e0 0.00000000000000000e0 0.00000000000000000e0 0.00000000000000000e0 0.00000000000000000e0 0.00000000000000000e0 -8.32789318351363078e-4 -1.59016076389918333e-2 -9.39439858974512945e-3 -1.34244488842019498e-3 2.13127270838057124e-2 -5.97518609892492593e-3 -6.28888949300837781e-4 -2.42181207957146982e-3 -4.23645793718939890e-3 -1.04452011629985585e-2 1.46688373451375319e-2 -1.27733807067143823e-2 -1.09537539457079981e-2 2.55850117762449272e-2 1.08703045803673539e-2 2.92532940445543524e-3 1.08024636838201273e-2 -2.13264691742972830e-3 1.41177854868606602e-2 -1.28548194675430320e-4 -3.08376794211172589e-2 -4.36576487460049560e-3 4.14227911162913867e-4 -8.00962074218734138e-3 1.20464436861612342e-2 -6.87613858380065231e-3 -1.43275274012720499e-4 -1.30192403413513322e-2 5.36673858647991175e-3 9.41988598410870709e-4 1.82813512289168589e-2 -3.41016385029752414e-4 -8.68629569049554628e-3 -1.82092325866622592e-2 -2.25507891741737118e-2 -1.77355790963570556e-2 -7.83946453519811064e-3 -2.48576183580720422e-4 1.43062151240150887e-2 2.32026090257254035e-3 2.08548430638721451e-3 2.66398415964075536e-3 9.29819746140104347e-3 3.14976035724364107e-3 8.26551139476462519e-4 -2.54277274691452285e-3 -2.89912382040011414e-2 7.27657890070234400e-3 -1.73592344907053941e-2 2.03974787772005436e-2 2.13755340928865924e-2 1.46720487227136581e-2 -1.59581940427713058e-2 7.97982850849227564e-3 1.16174813358400145e-2 -3.03896027263225255e-3 -2.34367992085820938e-2 2.12243278390650825e-2 -9.99022421496919763e-3 2.66335843064199537e-2 -1.20667746122944744e-2 -1.35239037793134374e-3 6.78627764988867527e-3 -2.03262712224065653e-2 8.05210175131053363e-2 3.75293538928455628e-2 -8.37650321395400424e-3 -4.01253105742616634e-2 -6.06101626765885304e-2 -1.74519638429284502e-3 -1.30843081130303691e-2 -7.59977201932347107e-2 5.82539743373280960e-2 4.01816151058993071e-2 -2.52703064606202114e-2 3.99901247277538313e-2 -3.28581302963172062e-2 -7.50943968731825756e-3 -3.08156256340814880e-2 2.78749552945243839e-2 -5.00199400244119574e-3 5.46922679866331061e-3 2.97220336188439502e-2 -2.66336919185248926e-3 8.47135768658840715e-2 -2.93577980176584138e-2 -3.71511383964316655e-2 3.30637401675350773e-2 6.20210345749555060e-3 6.68599354007246433e-2 -3.47970661123498809e-2 -4.11935398991464946e-3 -7.39205495489374254e-2 -1.48747047669045545e-2 -3.43467066159787310e-2 2.04377941325021677e-2 2.77009006782322348e-2 4.13538906199929987e-2 3.00608300553798884e-2 4.66715045650823168e-2 -5.99154143636434350e-3 -5.95599891090246858e-3 -3.08222401358447459e-2 -5.49555854691279461e-2 2.33006350880862467e-2 1.27274920868208213e-3 -1.73958473534987779e-2 1.63329152320428224e-3 8.52891945830853808e-3 -1.14776145935010839e-2 1.01404933368233405e-2 -2.88276082159186035e-2 1.59439716088843539e-3 -4.65027759820116002e-2 -2.00252943288366098e-2 -6.47275619096647492e-2 9.45691666254055638e-3 8.26152459504993913e-3 3.31926119334936126e-3 1.82150592319031412e-2 7.54014743387812908e-2 -1.17697292817423027e-2 1.29215308562660169e-2 -1.00062892044496463e-2 4.62817223143528050e-2 -3.22691296419296905e-2 2.57672216551630730e-2 7.77244367802507052e-2 -5.35921890494813757e-2 -7.24451168785528177e-2 -2.34083166269883208e-2 1.22132881017231631e-1 5.58801843903126982e-3 2.23648893356441364e-2 -1.11128777318017548e-2 1.05972582618791750e-1 -7.57392017795965045e-2 -7.86178651388436123e-2 -1.02957413136961010e-2 1.95083023180303676e-2 1.22243431417842271e-2 1.20775731364333130e-1 5.12034694611789715e-2 -5.34990178731187538e-2 -1.32495079683011829e-2 -1.14621626007744767e-2 -7.72537097687893554e-2 1.64226403852589346e-2 -1.29354798256362452e-1 1.49100503642626211e-2 7.49107807228670541e-2 -1.19116845787865244e-1 -7.31165983767950722e-2 -7.61279761418789114e-2 6.30640693851500234e-3 -5.03188883939678852e-2 9.16699868594728073e-2 5.17881963476519575e-2 8.42748195594472116e-2 -1.56749182078799343e-1 -1.11060152414786104e-1 -3.33885181928243180e-2 1.21388038727075764e-3 -1.27851193009188957e-1 2.04120500822116240e-2 1.01322766706139031e-1 -3.33168862424041354e-2 1.09258059707831173e-1 -1.04908778321266993e-1 3.84980831434009740e-2 9.65750543929553840e-2 6.03292731048821196e-2 3.36604999740593713e-2 7.30511234804709780e-2 -5.25076602377781490e-2 -9.95207712940971052e-3 1.73575702917988725e-2 1.21419685081480044e-1 3.25823311256620216e-2 1.27036244346793670e-1 -1.24871831346826008e-2 -4.80971128083758498e-2 -3.76730823342974995e-3 -2.21782301688025762e-2 -4.00454463392787979e-2 2.37551596697764197e-2 -1.06038953141095252e-1 3.71024174648540428e-3 -6.06225930264379514e-2 -1.61899847651022291e-2 -6.05797805574535553e-2 -1.34270679245316438e-1 -5.99277436936956898e-3 -6.65773081312503456e-2 -5.80321146745118865e-2 -8.17593110104608278e-2 -2.26492618569922033e-1 -1.48159070607704807e-1 -3.24082926106104320e-3 -9.49489221921719223e-2 2.03397003520233710e-2 -9.82315761374138730e-2 1.13698421054110974e-1 2.22634331294698562e-1 3.51032623858485437e-2 1.47443773055389221e-1 -7.76950499119682114e-2 8.41696768139618967e-2 1.61746420568389782e-1 7.25518407542768973e-2 3.26012997807220775e-2 8.74177698427901495e-2 2.23094605992667394e-1 -1.92692085153219672e-1 -1.03005937306528475e-2 -9.63754771005967126e-2 3.93116847484068291e-3 2.34964252820331676e-1 -1.03628237530122236e-1 -2.60319186768165067e-1 -2.14824529717419499e-1 -1.52976750611119372e-1 -1.24197143881253733e-1 -1.21209713154260088e-1 4.16032926919936707e-2 1.79591155162746985e-1 -1.19691138534319730e-1 6.34673967775123693e-2 5.49309941488710443e-2 3.06863330329600476e-2 2.01243132643548206e-2 -2.02195524400557380e-1 -8.51910474658389427e-2 -6.69358732181553201e-2 1.16088240528581070e-2 -6.53658011114864046e-2 1.99552676886287743e-2 -3.51680469715473926e-2 8.33028624718779032e-2 -1.45763234728110813e-1 -5.11381906322651569e-2 -1.16498223366390416e-1 -2.17974541067988406e-3 -1.01503456507022805e-1 -5.95884204584641586e-2 1.64015738783078374e-1 1.68332807706284587e-1 -1.90740220422706275e-2 5.58475288422082133e-2 6.10990157080811280e-2 4.38926854125320093e-2 7.95849559312653693e-2 2.33365229427986015e-1 -1.11898357917783756e-1 9.46180517047389702e-2 1.24944028564144716e-1 -5.80397421113072048e-3 7.31414801561691523e-3 -1.37563630186152697e-2 -2.18761992243841769e-2 5.06939111673894022e-2 -5.61801256031758262e-2 1.38292153480733607e-3 2.20840650515823772e-3 -3.74554919104649886e-2 4.68482724869453276e-3 -2.56061870808703892e-2 4.61875736218459385e-2 -2.07470165484532620e-2 -5.96806733769518899e-2 3.08029223921201939e-2 -2.86978721532989943e-2 2.61724348883182398e-3 2.03601870515607991e-2 3.42483001089582129e-2 2.32132865358694110e-2 -4.54792765580950692e-2 7.32591556679639822e-2 -2.17830423566271365e-2 2.66693703184809096e-2 -3.97318354797097859e-2 -2.34475362616916455e-2 1.72712971706059475e-2 3.85180720370701252e-2 5.65965956814061394e-2 2.85261765911511145e-2 -5.67967980373125791e-2 2.56033997832941021e-2 -4.78250169849295526e-2 8.25498247586918532e-3 2.53294390250679811e-2 -9.64527682418563591e-3 -3.18400152435911396e-3 2.38265863648693121e-2 -3.76342207804864493e-2 1.33498619423533180e-2 -1.08702256777026170e-2 -3.40454735438672842e-2 3.98688435005262465e-2 4.14577135631623434e-2 -6.01003610074805905e-4 -1.34679828353062667e-2 -4.88932060887275546e-2 -2.80725598783312519e-2 1.22926154421688621e-2 2.42874112754992780e-2 4.56237465791678662e-2 2.33404199362464808e-2 1.16911261890750486e-2 -2.34277274662029675e-3 3.23990784271267485e-2 -2.51770331059076313e-2 -5.15877126661752616e-2 -6.28149707156270554e-2 -3.13344895911499555e-2 3.28639895577570104e-2 -1.50197155794595544e-2 2.39350522092796267e-2 4.66397490946069970e-2 1.91244076038270296e-2 -1.34242221522513111e-1 -9.03997622824196101e-2 3.29318570162039428e-3 2.28063890417626383e-2 -8.86377871021949010e-2 9.48642183697216701e-4 6.84821257438296277e-2 1.06314096239802564e-1 -3.29335196282142875e-2 -1.50450983118854575e-1 1.69330805122388323e-1 1.54615975548366494e-2 8.89460592405245248e-3 1.47399230956071298e-1 1.17969732382011902e-2 2.64812788116504903e-2 8.37951288144750950e-2 1.63925061417142318e-2 -5.59205865126969001e-2 -2.75506869416958320e-3 -5.00530699827838807e-2 -1.34544005717789905e-1 3.99997132736614053e-2 -1.82177374770788547e-1 2.16179284485617865e-2 -9.87501378037887456e-2 -1.03043602947945033e-2 -1.08347806400131419e-1 -3.54681929541569296e-2 -1.44010527419973569e-2 1.38670682005416657e-1 -1.00178342261263598e-1 -9.85652674920940199e-3 -2.44203364867789201e-2 -1.56725496293463884e-1 -7.74448473009676785e-2 2.66253452981995466e-2 8.95848027238768385e-2 4.35690395132258407e-2 1.03666453296136621e-1 -7.49743781572327905e-2 5.05764108801964457e-2 4.22255834741152372e-2 -4.21013271627748431e-2 4.20133840825158283e-2 3.38725818420892305e-3 -9.55808649820636541e-3 1.38345081191067927e-2 2.59464262838983439e-3 4.79604525577344842e-2 -4.26359468142627485e-2 7.25292983682645775e-2 -3.12762992366429349e-2 4.09585615954942972e-2 1.06790687376597873e-2 8.46186551808499471e-2 3.85060021899871624e-2 1.60249468655401850e-1 -2.21408219466459957e-2 1.92972562559986342e-2 -6.46642739668761707e-2 3.64912975025721981e-2 -8.47893379734635799e-2 -1.02436162742613718e-1 8.62053414593295583e-3 -4.34685490376543748e-2 1.53822438783109052e-2 4.79072404345104105e-3 7.16675310106169167e-2 1.36636844734054685e-1 -6.29488161672288587e-3 -3.33571068545845811e-2 5.91725092981588013e-2 9.96682235959920129e-3 4.89627530312247566e-2 -2.51897281853155186e-1 4.35024137661086524e-2 1.16705711561091038e-1 -6.27584655791418450e-2 5.49700176096311471e-2 -1.66934245313383814e-2 -6.26750848971009827e-2 8.64383244626444440e-3 -9.16420251105583838e-2 3.88496802908215033e-2 -1.07840624230733984e-1 4.93600638947926870e-2 -2.00063466161468986e-2 1.94096662522602159e-1 1.86469158714765958e-2 1.54000618007106953e-2 -7.52965887201307582e-2 -4.35598883065196132e-2 -5.52235284699213388e-2 1.42385745110935741e-1 2.24641605398815183e-2 1.27913984006516518e-1 -9.15956291576286302e-2 -8.18087407494029889e-2 1.65511580987239768e-2 -3.04058354408978868e-2 -1.07331461439591200e-1 1.86555458223047338e-1 -6.58659555202168318e-2 1.28781324707428507e-1 4.36419296431239737e-2 -9.40742637539098703e-2 -1.08832451387973872e-1 -2.78569919588164128e-2 1.15309370484370788e-2 2.76164822354487555e-2 1.27076417974085754e-1 -1.06010980266064286e-1 -1.00359905193843704e-2 -2.38419289761545375e-2 -3.27110330976514360e-2 -4.66866171524889517e-2 3.83138682425390731e-3 -5.91364166470024905e-2 5.15128955904945590e-2 -3.14128469392943588e-2 1.76879668592133305e-1 7.95253092090706104e-2 1.33820429395329309e-3 5.84582943424456769e-4 -5.46472461792792269e-2 -5.89687806438705109e-2 -8.05036300527516430e-2 -1.50125539303958749e-1 -4.68230310061542032e-2 2.08400310885994422e-2 -2.99634122759490744e-2 8.25363958973671930e-2 2.74937594971454632e-2 4.55159153651725767e-2 6.57044628861670338e-2 -7.56385519391616773e-2 -5.51515816430010117e-2 4.60240858999513905e-2 -1.25804224531362613e-1 9.64937956109649109e-2 2.23317197184719970e-2 -5.56288650936111184e-2 -4.14793260244833706e-2 -7.99869888322538372e-3 1.97559466194097977e-2 -2.70780230902254379e-2 -2.53691906559508386e-2 7.11814662452238955e-2 -3.00892982650434286e-3 6.78410599079154464e-2 -9.85651118599496640e-2 1.21174710193677274e-1 -3.91505103051230652e-2 7.88238028685202680e-2 -8.83208933901342558e-2 7.79558020081593944e-2 -3.80366869034038796e-2 1.10117385492473786e-2 -5.26516702167545217e-2 6.20441558888252531e-2 2.42095477764060832e-2 -5.71532699402248698e-2 4.85201498262998951e-2 4.28704708249643129e-2 2.38876315988778981e-2 1.22088743082316223e-1 -1.47366515483448035e-2 6.26098378979166592e-2 -5.23076677285949088e-2 -2.51944120803330347e-2 -8.86645927694385133e-2 -2.47392033130666329e-2 2.56705429957929110e-2 6.27750789286908306e-2 5.70024160549586906e-2 -3.36070079321084403e-2 -8.32737277393369446e-3 -2.34621965355282340e-2 6.00206273028566859e-3 4.29295817240809285e-2 2.02170300280351510e-2 2.14054145078998968e-3 5.58952408538963205e-2 -9.75993456152128430e-2 6.56708839594260102e-2 2.62946031670819175e-2 -9.73351922160244770e-4 1.90915138426998449e-2 -2.43324045513104194e-2 -3.44826370630093720e-2 -5.38076371864162559e-2 -8.33010095289565544e-2 -3.06185530587187241e-2 -1.13794632348704350e-3 -1.16233968141459809e-1 2.36854907581677751e-2 -7.47096009674435291e-2 7.22307952230638872e-2 -9.20724856973528447e-3 2.29251100839864040e-3 -6.57862906218710242e-2 1.75260030910867587e-1 -1.82838336630657058e-2 -3.75521632005065414e-2 1.42535861095774777e-2 1.99386952896695238e-2 5.08896090538718815e-2 9.75388889106415524e-2 3.20833272752227699e-2 7.66896826126742537e-2 6.62963720887177043e-3 -3.71616081760306749e-2 -7.73859688202351015e-2 -5.30527338871598711e-2 -2.10278711340705290e-2 9.67293374599721562e-2 -5.43448885524110831e-2 1.30840836314611332e-2 -2.10223423164369941e-2 -6.05511680571241759e-2 -3.75307630120795127e-2 4.01049128385159090e-2 1.10460431032708695e-1 5.07744860178200169e-2 -3.15760651461208172e-2 -1.68798537103852564e-1 1.67586598769188036e-2 -1.07935087069031699e-2 -3.05774722292168413e-2 7.52684169472162962e-2 1.07648238058145745e-2 4.15197506353324544e-2 -2.13542362408872255e-2 -2.64834585520886748e-2 -7.04460909702269711e-2 -8.20461078831433675e-3 -8.41219709697910711e-2 -5.82283883561932197e-2 3.95009032489241907e-2 -4.29466481109491080e-2 -8.63042609503227726e-3 1.44352774371396802e-2 -1.35193148910975926e-2 -3.52421486037069118e-2 1.08370442505952166e-1 5.55937885309233104e-2 6.37695519694701507e-2 -3.34543195452980321e-2 1.16792537414981037e-1 4.95844628392613090e-2 9.69357950236055949e-2 -4.71346990606957145e-2 7.17791461914840945e-2 3.43220606846108417e-2 3.90024068866121629e-3 7.63804747349791369e-2 -1.27933296843947386e-1 -3.26921222599695083e-3 2.91198932389612752e-2 5.81224135507202866e-2 -3.46994896039366230e-2 -8.83421087212101219e-2 -5.28829219397061664e-2 -1.12570180502195694e-1 -6.42055101860454502e-2 1.23299555953873805e-1 -1.91736796434683249e-1 7.02258782958262995e-2 -4.17121381789282014e-2 -6.28312713857616112e-2 9.90937372870444311e-3 -1.65600487857880500e-2 -4.98915268363343128e-3 -2.95887546875401586e-2 -1.82686594980614209e-1 -8.72595302727226241e-2 1.94198321377487132e-2 -2.67879559340052521e-4 -6.12285455145678212e-2 -1.81928671195587602e-2 -3.66183691137903986e-2 -8.42536120927373476e-3 4.55248555628224721e-2 -6.11778141539111239e-2 8.75979865267325353e-2 1.32039484119826384e-1 2.88713795652211780e-2 -1.61529982480129730e-2 -5.65525129088880960e-2 -8.81036258747744730e-3 -1.18926639229022330e-1 2.13249976321503790e-2 -1.94805446230254087e-1 1.86724846046273957e-1 -9.72852513022555571e-2 -1.84964227384773611e-2 -1.13998762397592504e-2 6.06050248423040741e-2 5.00794296610738987e-3 1.36982412259557734e-1 -5.69674624116039627e-3 -1.02142432296985552e-1 -1.94452526622342220e-2 4.99635709897095770e-2 8.04757326112997134e-2 3.81535620008310872e-2 8.14310093939566576e-2 -1.49705365145399782e-1 -4.16172519642132172e-2 9.66687411780153653e-3 -8.02715427187879194e-2 -9.37030234193038380e-2 1.01144019828561305e-1 2.29282420136388998e-1 1.36061847770429789e-2 5.14508863552457785e-2 8.19147186243954495e-2 7.50237549869738896e-2 -2.58209040141466409e-2 3.93814415833093137e-2 9.14848597169738362e-3 3.58758947572252532e-2 1.89139331003676560e-2 -2.51841378058982740e-2 2.90614092576895709e-2 -2.17116739831694598e-2 -1.36216260512343756e-2 4.51367491264888440e-2 2.51771187233569942e-2 3.52659457132718027e-2 -5.84593537244822645e-2 -9.70287239163047759e-3 4.75494826686540667e-3 -1.81259330405905347e-2 3.56716974444411597e-2 1.71233336523625018e-2 -2.12227594289780830e-2 -2.37356416760027833e-2 -3.98831020756814300e-2 -1.77974407758172172e-2 -1.79178396427864574e-2 -7.46831372365359871e-3 1.35887613621807346e-2 1.18131145244524814e-3 2.79332457978617998e-2 -3.94222488744212368e-2 -5.16002510552880569e-5 -4.67939140392792385e-2 -1.86684761544603194e-2 6.00807477997913550e-2 -2.83247012536697084e-3 2.91880261989698186e-2 -4.41124274877952999e-2 -3.76482956704696989e-2 5.09804239002802518e-3 -3.41858093883638040e-2 -5.09664081129014082e-2 4.89695704234824614e-2 -2.24284180726559389e-2 6.12337847299263341e-3 5.77874203773364389e-2 -4.69951147485151224e-2 1.16659179871857958e-3 6.49088673726934233e-3 -9.22248551143904118e-3 4.05347942174746484e-2 2.19603068617067222e-2 8.42133107249914145e-4 -3.50594686846934789e-2 -2.55457268367357965e-2 -5.87885144891157636e-3 -5.10016671894792037e-2 -1.08553761978895085e-2 -2.88423606839635985e-2 -2.72820808010339894e-2 3.59539223683189163e-2 1.09319677814386906e-2 4.43821456041795237e-2 -2.14534850137604906e-2 2.39356092516814227e-4 1.92962332678858761e-2 -2.94224355981733791e-2 -3.49899338093386525e-2 -9.02361484153391957e-2 -4.62687788742656980e-2 3.36024047719494373e-2 -1.15110298148411408e-1 9.17142532600334903e-2 -4.24169558302987526e-2 2.60082616828514086e-2 -9.14120949294733483e-3 4.91177136819470096e-3 -2.73613389119317582e-2 1.29224213842248359e-1 -1.33921837301863328e-1 3.83700807295045132e-2 -9.61195246184002455e-2 -5.18809615437130223e-2 5.93775113218673253e-2 1.15557349437887494e-1 -1.46949079263923778e-2 1.20894696026537143e-1 -2.33640467930800524e-2 1.19274927792700162e-2 1.28873113625660868e-2 -4.82035145042098087e-2 6.15762143749412003e-2 1.53116683743032139e-1 -1.42879668761994542e-2 4.80482042121496977e-2 -2.53207646832585703e-2 7.18890168432271149e-3 -5.31596527674239039e-2 -4.42489039287030095e-2 1.47373053268605253e-1 1.30291714406173154e-1 -8.12544426782502854e-2 -1.22739162327459239e-1 1.03216942144974830e-1 -8.84150224652658495e-2 -7.73594179703182144e-2 1.50054765579220512e-1 -7.27766288197947420e-2 1.54696651585419759e-1 -3.73672460004790413e-4 -8.11666543786084965e-2 -8.35958535559314375e-2 -2.57957519634956188e-2 -1.15701341936368995e-1 2.10877847277833839e-2 4.63989794909608066e-2 -4.85842738371362742e-2 -7.30691591618261721e-2 7.43473387133877089e-3 -4.73558589594265528e-2 -9.24313741289894790e-3 9.15853398379674749e-2 2.20971160275472353e-2 7.86341930633497818e-3 -1.24352653608993627e-1 1.68930086671568239e-2 8.08474560627157196e-2 5.62914666379184456e-2 3.08454791987632267e-2 8.35438942634642301e-2 6.62262053361228897e-2 4.04777716539842305e-2 -7.08601172607464455e-3 7.56330227486079736e-3 1.49368193054054393e-2 -3.02816495982031197e-2 4.85538358452211882e-2 -5.78223858074472796e-2 -1.63542382397421672e-2 -3.65229315724607817e-2 -3.05509544167594273e-2 -3.35203850895884406e-2 7.22289791287313715e-2 -2.97273474578555255e-2 2.76659468457155500e-2 1.03701562716834884e-2 1.49716809620824721e-3 1.23743444942627200e-2 3.55622585415655834e-2 -2.49239358500663033e-2 3.95712161757615852e-2 -4.00861196601860759e-2 -6.17002882652211010e-2 -1.61158263915293642e-2 -9.19741141546475197e-3 9.52729552026391167e-3 -2.10810771745629233e-2 3.57687606468659602e-3 2.87770446399027054e-2 2.34751446225906282e-2 -3.21939232006127236e-3 -1.93249489012187747e-2 -2.60127170329351246e-2 4.43283863577002418e-2 -5.08546118546799805e-2 6.26608667893945037e-3 3.81546985509170766e-3 -2.15172420943570385e-2 -3.07888281610768054e-2 -2.97413013867707954e-3 2.37506919402314491e-2 1.13680124606521330e-2 6.89716060467898597e-3 -2.57642285465734255e-2 2.43708716385972884e-2 3.37681204380997774e-2 -4.73517969221367921e-2 -5.88296464018210532e-3 -3.80479918379752272e-2 4.12241663513647581e-3 -1.17693168284825796e-2 -3.49660770347198693e-4 -2.63220980691552912e-2 -6.69135246447123255e-3 -1.29798585278994520e-3 3.46396794034119701e-2 4.99336629686217212e-2 -3.50652154498623872e-2 -4.89518273007071708e-2 -1.86894809619629482e-2 -3.58569345797905698e-2 2.81696342063440068e-2 -3.90591145192644221e-2 4.47396938392402715e-2 5.41786943313977351e-2 -3.26488526144930943e-2 -1.75591503836517830e-2 1.44172274889833273e-2 -1.51069792198903798e-2 1.67934161450530362e-3 -2.73877856237438981e-2 -4.12826490341026836e-2 1.11338066153495209e-2 1.47095966746938964e-3 -7.71143670662606112e-2 -5.07850376010767976e-3 1.04074607870593850e-2 2.57437092548964200e-2 3.34256998075194572e-2 -3.37131912381961607e-2 -2.28549482988474328e-2 -5.56439583799313853e-2 1.38898346923391099e-2 1.22481428997930717e-2 -4.02395550849801859e-2 -3.91461777143577577e-2 -1.76667158851725528e-2 3.73674747208088756e-2 -1.00702490799101825e-2 -5.88012801933587223e-2 -2.59639996332053785e-2 -2.39080170521943774e-2 3.84187905414067792e-3 -4.61096522491106775e-2 3.88066998069996061e-2 1.79435893869233157e-2 -5.03224767753908675e-2 -9.01894216551643313e-2 -6.49163210180754985e-2 5.78012468829605663e-3 4.55133168362164900e-2 -2.58428325544301091e-2 1.78995212442061916e-2 6.90338875229278143e-2 5.62777657442053818e-3 -2.48660693958557659e-3 -2.66902378326968753e-2 1.03295697672058599e-2 4.58794452080000109e-2 7.49270826921960426e-2 1.02900595723468546e-2 1.13002875735057108e-2 -6.94899333664193014e-3 -3.02859757637535046e-2 1.07705601840711405e-2 3.30695925954736097e-3 3.79946737636648220e-3 8.81928187746528966e-3 -1.54377981997283198e-2 -1.02910974621291812e-2 2.67118809229289801e-2 -1.80473522227530270e-2 -5.14464452468676933e-2 -6.27954688085812923e-2 -3.33422597072792898e-2 2.48829279505403261e-2 -6.83728082231749648e-3 -6.92314544821706623e-3 1.91397461126831710e-2 2.92316829941021428e-2 -1.16646315416295103e-3 -2.03590176946725973e-2 1.40142437948722227e-2 1.77031399847380720e-2 -1.94940967628689926e-2 4.70562378267034773e-2 -1.66739882513512079e-2 -2.47807926146832100e-2 6.79744004690852194e-2 -1.70981377970729417e-2 -5.17324469506558193e-2 3.68815968818956702e-2 1.22756995156190433e-2 2.18755548118034493e-2 2.38053526181033932e-2 3.52314340984201529e-2 -7.16926439890665373e-2 -1.24270681031950800e-3 -3.85189269422215319e-2 3.61020768069539866e-2 1.05562987400782682e-1 -6.09376527941995136e-2 7.23055468679957916e-3 3.36691943671947463e-2 -2.97237030889907564e-2 6.53240790599714793e-2 -4.80949133431609610e-2 3.62789911811073271e-2 -6.97509689369473773e-2 9.95565594064986431e-3 2.67755172600560240e-2 -1.35608092921131167e-2 1.44649989463816638e-2 7.21507927024193640e-2 4.11831319372728960e-2 -1.45119387943283187e-2 5.66019276836305443e-2 -6.09239332259359639e-2 -4.11336503035922771e-2 -4.09430512894214949e-2 -5.00625398385766418e-2 -5.92586069068303106e-2 9.17854622305310300e-3 -1.93685840948060670e-2 -7.71678708077526160e-3 2.07929194214066665e-2 6.40541072612316048e-2 -3.24149029041807396e-2 -2.16296343346093940e-3 -8.18994176712739726e-3 -2.71090039232633230e-2 -6.85503163978843505e-3 -1.97640524544509186e-2 -1.92142844150180736e-2 -1.22363663914906544e-2 -3.46310188893865153e-2 1.12616920883648650e-1 4.90966110197725847e-2 7.03079609552114820e-2 -7.88947892726095529e-2 6.40633223060710078e-2 -4.33931886497716177e-2 -5.14244336141109759e-2 4.84449004290708751e-2 -1.22812931045904808e-2 2.44442139583155860e-2 -2.31005774854726800e-2 -1.56763078350249607e-1 6.86647175459512843e-2 -1.34874468736445707e-1 4.97590176618969496e-2 -6.42623003255920616e-2 -5.59491139372205668e-2 -9.12123975354907010e-3 6.44735014674809176e-2 4.65911297395127516e-2 -4.93509689296489362e-2 -2.97661164346935819e-2 1.79197227001998876e-3 -2.75938221802608172e-2 2.21143415043319400e-2 9.08405456559791269e-2 9.21472579217654658e-2 -2.90805536299092431e-3 1.34485259567946793e-2 1.59602939352661150e-2 -3.55929840104211026e-2 -3.78599698756597255e-2 2.66597830490629545e-2 -1.04686223734356820e-2 3.68974415837252101e-2 4.46979449230661043e-4 1.20918632177574419e-3 -1.97046140808858732e-2 -5.09062960565458203e-2 7.34367350513307759e-2 -2.79883503714827356e-2 9.06730241487927330e-2 -6.22849734633218258e-2 3.50204556424791452e-2 4.32617203872102743e-2 3.29922992714852675e-2 2.46550178251614439e-2 -2.53115994718722051e-2 3.09743834811979230e-2 -1.12610264372039831e-1 3.12683982966063742e-2 -1.75054024377519074e-2 -4.42035428053186123e-3 -3.13259778355948482e-2 -1.03365150683116913e-1 -1.01954177739002564e-2 -6.51121532156088804e-3 -5.45163083174437374e-3 5.22351810919456233e-2 -2.08464047811350826e-2 1.36064054275432146e-2 6.37731268629208592e-2 1.08051923240915268e-1 5.96662325034507876e-2 -6.12640466635669678e-2 3.10197849814624754e-2 2.32412406224151696e-3 1.12567225681565533e-1 -9.31292107623544509e-3 2.81794404610064483e-2 1.13817794856196336e-1 2.29786166050095497e-2 9.66481567257488350e-2 1.03429220442341208e-2 -9.31422603222402737e-3 -5.27834673051128245e-2 -4.41305829654055903e-2 -2.02234877230783629e-2 -2.81577931646436082e-2 -5.24414530261458345e-2 5.70268126925378496e-2 1.37455063222133404e-2 2.70567014297873505e-2 1.43237458365724143e-2 -6.87167664707011433e-2 1.19623643824403342e-2 -6.61081183895580460e-2 6.18572182910067589e-2 8.51963897645785090e-2 1.51184421970986804e-2 9.03303966806506264e-2 -3.00033549006081604e-2 2.91172547799013158e-2 -2.63173332677456122e-2 -3.06436108384834476e-2 -1.31190980956195956e-3 1.37711291976025836e-2 5.13361327297071277e-2 -4.72440300571438515e-2 -6.52920632688940156e-2 -5.29306639567630327e-2 -3.71401551737279428e-2 -2.00784348398681534e-2 1.01943953847265945e-2 3.59835879559585320e-2 3.81182124729856917e-3 -5.52455256565409780e-2 3.89518354351423152e-2 -6.31941248061952121e-2 3.23258283148854450e-2 3.33713008095506206e-2 -5.61583558231099900e-2 2.84863192860158494e-2 4.02616994674108442e-2 -7.44705275163190690e-3 -2.25089992838931139e-3 1.87059511012718747e-2 -2.63301787850453092e-2 -1.98337127370302076e-2 -3.94305012236899899e-2 -1.66672414537839229e-2 -4.36552555402724279e-2 -1.01311426832761588e-2 -3.55484601048122184e-2 2.40584514870267625e-3 6.91389604766376106e-3 1.92764379213851977e-2 4.33648113146324968e-2 3.88405053597866215e-2 -1.07200382577457010e-2 -1.98727951017133239e-2 3.23465367117975744e-2 1.80368851040711292e-2 -1.07329316453603531e-2 3.54200517476402563e-2 6.36643492477175551e-3 -4.99931888300119351e-2 -7.87509403004674480e-2 1.85346743722891449e-2 -3.03375841578794568e-2 4.21408154564723442e-2 -2.00994918287519114e-2 3.24110553518285136e-3 2.69518717120923006e-2 2.90587950432539058e-3 -3.54102983215488845e-2 1.80837218220149289e-2 1.57600262826150463e-3 1.80326062726160578e-2 -3.77864757111458990e-2 1.22002879714484605e-2 9.32590464329142305e-3 -8.55581167172553107e-3 3.72530763754313557e-2 2.36386752703081938e-2 4.22565776819782898e-3 -7.94556611552319934e-4 2.64701785102394553e-4 3.48492564955799333e-2 -1.70593732959083283e-2 -7.77164095645206145e-3 -1.25572548050565461e-2 -2.09097046300958170e-2 2.64632076109982788e-3 2.16857261716590956e-2 2.85757584040569716e-2 5.24405661374964943e-2 -5.90626574939650140e-3 -1.29509800605754981e-3 -4.78801910243878675e-3 -4.36291825024794147e-2 -3.33320725376944418e-2 3.26043248962328142e-2 -2.09887785105075178e-2 6.92476259716172243e-2 -2.01254172854258805e-2 1.20148433754820854e-2 -3.85027509831574050e-2 1.66026754687128089e-2 -9.78733106517110443e-3 1.55894830008840926e-2 -3.52907415548513181e-2 -1.56332869336090509e-2 3.37010977293531388e-3 2.74886497923967181e-2 4.88170433481406488e-4 6.16930075887694787e-2 5.36638193273893116e-2 -7.07026958655026516e-2 -1.28737865847526022e-2 2.49241265536219760e-2 -1.75857279762863597e-2 -3.76788544054994859e-2 6.91672275074428633e-2 6.58496366163436320e-2 1.18025273639316471e-2 4.41032219686047847e-2 5.54232958017208954e-2 2.10029892365722615e-2 -2.18491369778563774e-2 2.88038000372638284e-2 6.36691324223766092e-2 -5.54942661574989032e-2 3.27381481390548110e-2 -4.34945396369870209e-3 -5.58352698133199668e-3 6.47092238784253149e-2 -4.02114082819320581e-2 -8.87883663983596999e-2 3.70190951766653370e-2 -3.95978645336285476e-2 -2.00195655030854065e-4 7.72310641559570844e-3 4.57105104334576059e-2 1.77076902599668171e-2 -7.78273575943928542e-2 1.55559880891837296e-2 -1.07025326011323928e-2 -5.67372933146872219e-2 -8.13893188459349354e-2 1.70627342644933170e-3 -7.47050207396748704e-3 -2.03436697089236576e-2 -6.57356817501736773e-2 3.69807729233977579e-3 -6.95842676112778530e-2 4.30102738268633641e-2 -3.05946184739757168e-3 2.46232985195002450e-3 -4.88232298631152209e-2 1.66006984698067947e-2 1.61640644200858156e-2 -7.08114300157005327e-2 1.61441725066084375e-2 -1.57196687246846066e-2 -7.56145822481715801e-2 2.73496967927524572e-3 -9.96481545126113276e-3 -1.11195942479351776e-2 2.08514500564894630e-2 -6.17699370218820556e-2 -2.81860796801515360e-3 6.54325399840554600e-2 5.87987764622906629e-3 5.26214872553570495e-2 1.58622803040526644e-2 -9.57702123315646164e-2 -2.54483090957533763e-2 -3.82848599036618442e-2 -7.47595232675876773e-3 2.82487508714623081e-2 2.75078807085843077e-2 -5.33815856084195531e-2 -3.90398361389063531e-2 -4.60069256236506096e-4 1.61311900307911545e-2 -7.27364737024892467e-3 3.53229351685109758e-2 2.56039189951962863e-2 3.80989411706442599e-2 -2.10693328492935102e-2 -1.66240920293233736e-2 1.61369831994605840e-2 1.36223588040381687e-2 -7.37285013979102483e-2 4.27433509933465572e-2 7.52023578436438866e-3 1.67347413531067080e-2 6.03979007744732815e-2 2.63730206943061513e-2 7.27514985646065399e-2 -7.87477181248315804e-3 -1.11457511113937837e-2 3.08526540226706017e-2 -2.82989936011605117e-2 -9.30080377298334871e-2 4.77136590036077377e-2 -3.55925628332704677e-2 3.60430906391086894e-2 -5.57383398630898336e-2 -6.97920943624613099e-2 -2.93331148434327893e-2 -7.87656435450835024e-2 -1.42682880803617230e-2 -2.29892226429774214e-2 3.68647345687330291e-2 -1.67368078631456203e-2 -1.10324350797901503e-2 5.07568458028339262e-2 -7.59111388562923872e-2 1.73797771227237885e-2 4.38080406127613550e-2 5.30639088829953781e-2 -3.10511887612201914e-3 4.10002301255523310e-2 -3.58186183801433924e-2 -1.43798712023530516e-2 -3.44550729310716813e-2 2.15382305523497304e-2 -5.08463434158627943e-3 -3.76139101302356421e-3 -9.42642411006102028e-3 2.06719030174933125e-3 3.37589897752093582e-2 4.71414447920235347e-2 2.36456894394314783e-2 7.90696720936517362e-3 4.09154726371475375e-2 -2.97378226925169679e-2 -4.56354004271952718e-3 3.02313979459354724e-2 6.88417264793767386e-2 -1.74762693880985559e-2 1.49933857844852976e-2 -4.24265063751376199e-4 -1.75842004939327848e-2 -1.11118023494801675e-2 3.83735209224647395e-3 -1.60608772775993579e-2 -8.30340669532828209e-3 -1.85941484626122658e-2 -2.05418390462787544e-3 -3.89087445074539923e-3 -1.41818529805387804e-2 -7.13066464359295576e-2 2.24528535533903978e-2 -6.89114504556829072e-2 6.33554407844877376e-4 -4.06862330225740768e-2 3.25523887376869825e-2 4.29595126663903093e-2 -1.61727269914626638e-2 4.85164401756470881e-2 2.97825615930350784e-2 1.99772451069002051e-2 1.30227271877852331e-2 -4.16608112137122621e-2 1.26987936105342203e-2 -4.86249234055949817e-2 -5.27724337382606962e-2 8.78224464992917037e-2 8.33102488775396346e-3 1.63141327323982240e-2 -3.72515903395168532e-2 -9.33699429542684742e-3 -2.63286227150648297e-2 3.98791221401065057e-2 -3.10425741320157975e-2 -1.90921968668956304e-3 8.42379455619362422e-3 8.03838918208903130e-2 -4.34445189604697121e-2 -7.43654381211005487e-3 -3.61757015025579096e-3 7.40113766498155523e-2 -3.40279096208500470e-2 9.86149231883288180e-2 -3.44695952216578297e-2 -1.29765012207959437e-2 -2.91172608807328051e-2 -4.35567609859801100e-2 -3.06847214027609061e-2 6.38668270392942355e-2 -9.67381863713471200e-3 -3.07493843645258655e-2 9.05052062135685148e-2 5.25751008056373793e-3 6.34970264309387966e-2 1.01544656839308550e-1 -4.43321427065819507e-3 3.59125861267118804e-3 5.62982960664992066e-2 -3.63777193215441899e-2 4.45822704540606643e-2 -1.34044122738230832e-2 5.95562849276418463e-2 -2.75401585533876451e-3 -2.02738155302639965e-2 -7.58228842670046269e-4 -2.88626868936936523e-2 9.80099744856344473e-4 -2.49640207076908885e-2 -9.30047154790390393e-4 -2.84030476217448161e-3 -4.96832544388175548e-2 2.13762899887778718e-2 -8.41702715223466985e-2 1.60878109430501771e-2 -2.36283447123272587e-2 2.36853416433103758e-2 3.21305462379331969e-2 -5.95880943914807309e-2 3.06085971235675082e-2 1.39664383083994616e-2 -7.36347025498918385e-3 -5.81648263224615950e-3 2.30912802381296189e-2 -9.04373067926689429e-3 -2.69377982324158329e-4 -3.58365321865510636e-2 1.80032185952013271e-2 2.59763493551033765e-2 -4.35189287419250961e-2 -2.46843716275737639e-2 -2.56581810285103733e-2 -3.73626927219043656e-2 2.95079143056966239e-2 -1.24638471169720537e-2 -5.00110063596505977e-2 2.12754951360497949e-2 -9.95718491651823023e-4 2.14775487378935821e-2 4.53482800948720385e-3 4.61185582920754442e-2 -2.70981811956575794e-2 1.51815530719009214e-2 -1.07522095242329405e-2 -7.50164863796022249e-3 -2.28536750219105744e-2 4.06319798463845444e-2 -9.04073818665680935e-3 2.33382344661584445e-2 3.43103115721658247e-2 4.67398358146081921e-3 1.98668925303665785e-3 5.81275725238675645e-3 8.63641854961699762e-3 6.23460470173660582e-3 6.49015073486839409e-4 -4.54325980172794186e-2 -3.71767158849459212e-2 -3.00089691050784129e-3 1.71471512048974803e-2 -8.28464227066376055e-3 1.45923590349670909e-2 2.65325438758537042e-2 4.36699441885987430e-2 2.58270593453583091e-3 -2.62703427768369441e-2 -2.10921430598174850e-3 2.97660621470309840e-2 3.11847984031655631e-2 3.27036167629189967e-2 -1.99238502939782756e-2 -1.10281686709271104e-2 1.33297795744356958e-4 -3.35978188799040478e-3 -8.81247740777466385e-3 4.59089240491093661e-2 1.17013919721362675e-2 4.56155161858197919e-2 -6.21785418163081443e-4 -1.12745669238480638e-3 1.35299211122538177e-2 -1.01026700685742463e-2 2.84412569970966672e-2 2.25883428946956379e-2 6.03429330474095776e-3 1.51967329934612067e-2 -1.72020971457596469e-2 5.15106061274002436e-3 -7.53414084877807588e-2 -9.02180127282967148e-3 -2.52165933399694370e-2 -5.48740715556103112e-2 2.89661747707275902e-2 -2.28216722144450775e-2 -1.39489146951250111e-2 7.49853997320640286e-2 -1.33080563831280946e-1 -2.54139969740066092e-2 7.21533442744029530e-2 -1.71258880628351283e-2 3.72647454533801305e-3 9.67724294611952730e-3 -4.70687777031926560e-2 9.64521066758534593e-3 2.40977905244217222e-2 4.70298387292570480e-2 1.05787831951385976e-3 -1.10489643994983511e-1 7.66276161665054856e-2 -1.62383930395112140e-2 3.25954175245679323e-2 6.66497844126602429e-2 1.09502504820723351e-2 -4.42921970952241673e-2 -2.71228678863571770e-2 -8.26296788864702147e-2 1.99525207734752817e-2 9.48340936398308493e-2 2.37165150856905316e-2 -3.80092172438894482e-2 -1.74641162829407975e-3 3.65603175957110310e-2 -2.90405035246935200e-2 3.76434719155874509e-2 -1.07991816682264322e-2 5.59933744654992002e-2 8.74735905000244701e-2 -3.81249434910720317e-2 3.08199113612366363e-2 -6.56321981028039000e-3 3.56385423189541223e-2 2.87465457476425330e-2 -2.52269706026495913e-2 -1.20186661633312972e-2 -7.41384851141196899e-2 -3.98283733463861318e-3 -2.63818119013852458e-2 8.27147548357320822e-2 -9.77611839662295007e-3 -3.20375869144737258e-2 -4.85408167093006326e-2 -1.51170702305101828e-3 4.10589644569968187e-2 -2.79594770889269890e-3 5.50660598991095443e-2 4.93061159678498673e-2 1.31525347195367076e-3 6.00580412226409815e-2 -2.37087146350326676e-2 -4.55053919654675905e-3 -7.30127291583336085e-2 2.29250508127353328e-2 3.10549841692513290e-2 1.78370144721803174e-2 -7.70728309549484347e-2 -2.13890624764267664e-4 -6.77258210505231155e-3 7.81324606650059435e-3 -4.27487375667636171e-2 -8.26253603282259830e-2 2.32618420273994868e-2 8.90651459572809091e-3 -2.16909612597609366e-2 -3.64830538635196044e-2 1.72464577467568402e-2 7.79998573568349007e-2 -3.33790377815394793e-2 -5.73267389413824324e-3 -1.04419108328972637e-2 -5.11790701150147548e-2 -1.36423601263186318e-2 3.52268899012601125e-2 -4.95094817408754384e-2 -4.53777839698669277e-3 3.22462957226393593e-2 -4.22677352816891866e-2 8.49460078840868771e-2 5.29825698908852269e-2 7.40376457404676863e-2 3.57526970167313662e-2 -1.69201396511945434e-2 -7.82950106133750538e-3 -6.19157307575302837e-2 8.63607640963331979e-2 -1.03046088845967377e-2 6.52372396620014561e-2 -3.77541966261813397e-2 -2.22809301853354527e-2 -1.79611908632829227e-2 1.77933582530830151e-2 -2.57888062437783006e-2 1.06994378641206797e-1 -3.72662211024902962e-2 -7.53744487504471455e-2 1.32322658433822998e-2 -4.17069283003047714e-2 5.60115382004289369e-2 7.61945618496580879e-2 6.36069540710193643e-2 -2.87449610113288713e-2 -7.23592866333026830e-2 -2.62470438182618240e-2 2.76250195929796730e-2 -3.62383183326636035e-2 9.74831300108321558e-2 8.67499589129636095e-2 4.34107449958596875e-2 -4.31722215707344287e-2 -2.74894958406630661e-2 5.20966424941042699e-2 1.70658856841323335e-2 1.05919680163089225e-1 3.65056386249155290e-2 -1.61794710375194987e-2 -2.85916603744342385e-2 -1.85761481681688337e-2 -1.51977431234792920e-3 2.50524752539964569e-2 -5.03684275916542051e-2 -1.25326881517111525e-2 7.50730933339542883e-2 -1.16522006611670059e-1 4.74647034252594219e-2 -4.55513150589678256e-2 -1.05916601549956538e-1 1.53089468534486108e-2 3.87319662584480126e-2 -3.02760671936747119e-2 1.99763844712801120e-2 7.76054802460574567e-2 -1.32140705143801614e-2 2.96184346316433166e-2 4.79259238124747772e-2 -1.00483771834721410e-2 5.52402368442098252e-2 -4.87251027049893162e-2 6.97201372400096074e-3 1.67367777643599681e-3 9.06924368888502308e-2 2.39196155773226914e-2 2.96279747451469906e-2 -3.71498001876963274e-2 9.94206425346233907e-2 3.41536373581606753e-2 -2.77064169790297091e-2 8.16596553017306104e-2 -7.70835140301599081e-3 -2.40724877849691002e-2 7.23393285774505228e-3 -5.84656954446276730e-2 -3.70500286077507651e-2 4.99495666874333680e-2 -5.61524839705522440e-3 3.89829173343233595e-2 3.27106821534263459e-2 7.87963468767244185e-2 -2.89201257769928777e-2 -3.73037966402027521e-2 -2.55093704672399498e-3 1.91744952576522916e-2 1.07820797072907659e-2 6.06928379477739421e-2 -4.34594178525099517e-2 6.00516143779165380e-4 -5.86016511215869881e-2 -1.58444203916880064e-2 4.15342429177484734e-2 2.13460267612818645e-2 -2.47212950741080538e-2 1.76630598983427041e-2 2.07775122192374317e-2 -2.22489829409239295e-2 2.23541208891266767e-2 6.54208266571049968e-2 7.28074107091395972e-2 3.86001053997123353e-2 -3.82343679345950385e-2 -8.21123139333050783e-2 5.60178003541057512e-2 -7.10868540864509485e-2 8.37070833581874257e-2 4.78027883431592221e-2 -1.73482287813529548e-2 4.83293259946249512e-2 1.63644810653441504e-2 -5.67568066236629268e-2 -8.16607997719299983e-5 1.13335543471467654e-2 1.07172130288752075e-2 -4.79022483260023862e-2 5.02244176079274657e-2 9.03739819138346390e-2 -6.78735531385833701e-2 -6.54280419020741855e-3 -8.12447770772339178e-4 7.53634802758361838e-2 -6.38020358500870771e-2 -1.40231876403134961e-2 -8.69976727057400132e-3 1.01577298412059893e-2 -1.24428519625030612e-2 -2.09922285518958397e-2 -2.47442338909722344e-2 -1.53969806813288521e-2 -4.33022288666886426e-2 1.19814531737830483e-2 1.83628521937418202e-2 6.94449753365059819e-2 -2.77058823576250071e-2 6.35184588796390559e-4 -3.91077939776874745e-2 -5.08227423462555977e-2 -2.47748809205500173e-2 5.48706842231320782e-2 -4.72090358610252267e-2 1.59912193990949317e-2 1.04780203225193130e-1 3.22396598383781381e-3 -6.95027841467667495e-2 6.24296313272189873e-2 -3.11945468860008387e-2 4.76252384233374071e-2 -1.35207573222697226e-2 -7.06692975375871196e-2 -3.99230935264066819e-2 3.14955359370465010e-2 -3.10306443992152056e-2 7.16990144741439829e-3 -1.74768394855496605e-2 -3.06848436756096063e-2 6.43555501194585655e-3 4.02930983915577440e-2 4.33914432630907315e-2 5.33924959650753164e-2 -2.95547599778658576e-2 2.92098919951258723e-2 -3.21201540137357328e-2 -3.70220536541908535e-2 1.22424752337293788e-2 -4.67437635499839549e-2 -2.27630173677650233e-3 6.11995353120924762e-3 1.05794410763822566e-2 -3.57794065820145751e-2 -3.70460507587587751e-2 -1.12936100911697913e-2 2.25779815033877521e-2 -4.66764058006622282e-2 -2.32766216456901792e-2 4.28862196772187426e-2 -1.85729802494084204e-2 6.30702444621487612e-2 -2.33238571077597594e-2 1.44287793803006478e-2 2.41217145654711723e-2 -5.30411427239397618e-2 -1.24183758333990760e-2 -1.18160015814437851e-2 1.74600631654953826e-2 -3.22252340865600631e-2 -6.16687478852867149e-2 2.86090012570247403e-2 2.01989556382060828e-2 -8.44200651773227388e-3 -6.98873952343440335e-3 4.53494618741503847e-2 4.90662254288732752e-2 -6.05044684604298818e-4 3.13837781066521326e-2 4.60619350513459796e-3 3.97076157518390926e-2 -4.84132287541414429e-3 -7.40575178779425986e-4 4.01551384646405135e-2 2.25105045636616111e-2 5.51745858220300950e-2 -2.51643235567232636e-2 1.78973597485433782e-2 4.99018124611756708e-2 1.04055663688637189e-2 -1.68145221153041084e-2 -1.31848692376515392e-2 -1.97568539527429379e-2 -2.94701216632541584e-2 -2.59767252119120747e-3 -3.12200452477092230e-3 7.07420023953297533e-2 6.39322526419938975e-2 1.88753649967740821e-2 -3.06020581744367651e-2 -3.16166091782647957e-2 4.50742225624190182e-2 2.00047290209502959e-2 1.53600603220854798e-2 4.61577305969907287e-2 -5.07997947332755814e-2 2.84329093437519602e-2 6.30889161365347662e-3 1.66527528675010604e-2 -3.85058439469452216e-2 3.96584130697317447e-2 1.50187171686820605e-2 6.84894697651641186e-3 2.85053801894982160e-2 -5.06245634210175446e-2 -1.28429894967316341e-2 1.26516801041539652e-2 1.19932066386040249e-2 3.92336481363758788e-2 -1.94044642379678917e-2 -1.22139873958726254e-2 8.67291348450226901e-3 -2.38463616860008706e-2 -2.15632590569476493e-2 2.34723582266375443e-3 -8.99693120923658954e-3 -6.49465402318494603e-5 -4.55668470927061628e-3 3.15648958279999420e-2 3.85182582048799321e-3 -3.40819012955998705e-4 1.47721298233160474e-2 1.91833829902252652e-2 9.80771850134552585e-3 3.89388165921215239e-3 9.29844794432464587e-3 -6.56159948511952917e-4 -2.92916235244043734e-2 2.41421655332192155e-3 -3.30857666292410230e-2 -3.30416366919110069e-3 -3.60464745184303978e-2 -1.22286268332927398e-2 2.93686136276325865e-2 8.10875584108646658e-3 3.87609227087898356e-2 1.76959528843700746e-2 -1.69401513426607198e-2 -2.60954105459741785e-2 -5.16595039859918045e-3 -7.58313916484318756e-2 3.97631195978510703e-3 -4.33154133356903753e-2 -2.71610061515054936e-2 -7.97639566099056854e-3 3.67230351660055437e-2 -5.86348079644754688e-2 5.13814264567383702e-2 2.53404423635271471e-2 -1.30796098578884398e-2 -4.31517485342538601e-2 -2.80207711833078896e-2 4.67104199041501675e-2 3.53517794596729662e-2 1.94652803696313895e-2 -1.65858775595651049e-3 1.49934519693265336e-2 -2.08286501037380604e-2 -2.93871527986691271e-2 5.06781176699374267e-2 4.97324550821339195e-2 7.95113097604895763e-2 -1.48524881846138282e-2 2.31761449289683841e-2 -1.60280628677445386e-2 -1.34289424141697394e-2 -2.25751034961783822e-2 -4.23913432047770405e-2 3.04427415623674605e-2 2.61111376756366954e-2 -1.33573827626107646e-3 2.11719874147277415e-2 -1.98125280363941995e-2 -3.40325589513491627e-3 -5.71812638733974962e-2 -1.83218113488994340e-2 -8.41887391311493642e-3 1.47911430984775539e-2 -3.34740767903338524e-2 2.81162502588412893e-4 4.83289835624906294e-2 1.27420296799532068e-2 -4.33667570507873940e-2 -5.13253234135641057e-2 2.28509334523652879e-2 -4.40621936754348464e-3 7.66568521619211043e-3 1.75795834162556612e-2 -7.13963376968169798e-3 -5.16752487522764703e-2 3.99079065175367009e-2 2.13615013761973699e-2 4.32088421875201564e-2 1.05735036010816651e-2 7.29098233014083830e-2 3.57488738254132816e-3 5.63964649316666192e-3 1.15960322344147646e-2 -8.98575100477400079e-3 -2.19923235259423290e-2 2.71148129939408448e-2 -2.81018281403700512e-2 -7.63668216373099892e-3 -3.77000089459535587e-2 2.14171839180404416e-2 -3.25265265886123534e-2 2.47132093910580226e-2 9.66367480166241410e-3 -5.45239230182975043e-2 -2.87020275718122058e-3 6.31545264822769153e-2 9.41739613349872008e-4 -3.71723460186409518e-2 1.43466011353060151e-2 -3.04768178002317799e-2 5.54042299836918981e-2 -1.82512691550126005e-2 -1.45244745468960691e-2 4.48228745767015151e-4 -5.41283166813124120e-2 -2.20562502213724546e-2 -3.68537429268792904e-2 -5.37688180382209918e-2 3.04811028267839984e-2 -2.06985613998356410e-2 5.10835238880045193e-3 -3.27020578715082888e-2 3.37756985436531987e-2 1.97806909419202086e-2 1.04550914432906912e-4 -9.95651705055831601e-3 -2.25283728168048855e-2 -9.37610193799829142e-3 5.17374808725512003e-2 1.15342667585847437e-3 -7.93795720983930461e-3 -2.10272671854719179e-2 8.88245675015386649e-3 -4.66062634989130448e-2 -1.92915159760004874e-2 6.30833347152909198e-3 3.22529087790157740e-4 -4.70343915197465670e-2 -2.13314145066803434e-2 3.54541832662629702e-2 4.01105696073078277e-2 -6.47452161390652675e-2 -7.63393686196627286e-2 1.50760812190310570e-2 -2.18041644435488591e-3 -2.86557652067407423e-2 1.78678935174617221e-2 5.96458181467079337e-2 -9.28473109889972614e-3 1.67768689841641637e-2 3.76995926480938534e-2 -2.65325275590255066e-2 -9.47628258449605132e-3 1.97942899713581776e-2 -2.79719105075738883e-3 5.94157009688429869e-2 1.26352835887996399e-2 2.66168934078598492e-2 -2.14512763367147178e-3 -4.49710241263898830e-2 1.48147615160073298e-2 -4.16182871704210838e-2 3.25639566126697463e-2 2.37252550395315384e-2 -5.98778456698272898e-2 -5.49366781926760323e-3 -2.77299661086459343e-2 -1.52712630514039438e-2 2.42705453744394110e-2 1.03093255994468364e-1 6.98994208269744371e-2 -5.51238405115284172e-2 -2.62164826005866457e-3 1.16379302029451931e-2 4.71009546020018308e-2 3.37864968812536248e-2 2.26439520234635872e-2 2.34557326523724616e-2 -3.50680839300997055e-2 -3.57609651406778709e-2 -3.88692776767019729e-2 -7.25509753324494588e-3 4.96546407975506036e-3 -1.92074500570179191e-2 -1.06763750167017807e-2 -1.50277738084262542e-2 -3.11150260700494008e-2 1.20922670897905520e-2 4.01648470517211448e-2 4.18043779455486431e-2 -3.43989260962926022e-4 1.48758307930097720e-2 6.48974422083094336e-3 -2.50859280806429163e-2 2.05667027479146149e-2 -1.24339414183340380e-2 -3.55529916282353725e-2 3.64218274355549848e-2 3.10371304157204368e-3 2.79400043292815266e-2 4.44723349302510521e-3 -4.70148782701735636e-3 -1.53985051966841783e-3 -1.70752076411661777e-3 9.94873898367869096e-3 3.99317475855554688e-2 -2.76638761245422277e-2 5.27163073160241604e-3 3.68968223952368876e-2 1.42413053734809260e-2 -2.06095520535270783e-2 3.26904525574443841e-2 3.89764046414224699e-2 3.53391716985593154e-3 4.20659653819926427e-2 2.35696769774213430e-2 6.35218042898067457e-3 -3.31534396125731795e-2 2.88895245826240842e-2 -4.57264999367061817e-2 -4.80628621354146218e-2 2.60050778551292397e-2 4.16016090071548855e-2 -5.70143836836042375e-2 8.11041385466411066e-3 7.83807300896901399e-2 -1.58283810743410046e-2 3.58523750792116430e-2 -3.06090011090915104e-2 -2.00002287192634944e-2 9.55626242105198920e-2 1.21250287566600813e-2 -3.96432901165545276e-2 2.08785586344980290e-2 3.36992454652107129e-4 -2.67717919063522117e-2 2.42256619604737933e-2 1.70596360143269142e-2 7.72208655404586428e-4 2.83720328903981772e-2 1.77562578436401483e-2 -4.57862359652892389e-2 1.44769011184779101e-2 3.31269739926229670e-2 3.94525198119496500e-3 6.10128584471136617e-2 -4.70401697496821355e-2 -1.02627555439769660e-2 -4.37453206567040842e-2 4.89746678385791084e-2 -1.68404050405780367e-2 -3.58379403801232788e-2 3.17694988639884018e-2 2.84373712449851723e-3 5.92152429760502003e-2 -3.46878597420216053e-2 6.52930476203114705e-3 5.07465440428403677e-2 -4.70922384540015636e-3 -2.99519213885744845e-2 -8.14609842426017305e-2 -1.04292516477105766e-2 -8.72204315288449133e-2 -1.35893623931784332e-2 1.60554280922618614e-2 -8.98788610028011109e-2 -3.07461979464795400e-2 1.33625360752818133e-2 -3.95443029608047239e-2 -2.01324710443439928e-2 -3.42716189867846646e-2 5.05377357117490211e-2 -3.58613169507239343e-2 -6.14338626265671026e-2 -7.54956602973032558e-3 6.39440331141006013e-2 2.59092654932234837e-3 6.49629645709644591e-4 2.83554456521016834e-3 2.55306338398196171e-2 4.77764527367034123e-3 -1.49207813322874087e-2 -3.23081965944051544e-2 3.07650450226030561e-2 5.19431007044651102e-2 -2.96525435748143731e-2 2.82659408988151055e-2 -5.69939924718542486e-3 -4.73361681242704391e-2 1.57734118233283796e-3 -1.98346583250924267e-2 -6.60378962422906862e-2 3.15124510820632697e-2 -5.38949557098874349e-2 -4.42876750476224323e-2 6.76876916839506178e-3 2.37936998025400567e-2 2.20384982964207179e-2 1.26596276702668403e-1 -6.73755735943398944e-3 -1.20510709724730245e-2 -6.62519088568943038e-2 1.07676801249740217e-1 4.36284284234801020e-2 -1.94100715506595883e-2 3.81542073848634838e-2 -1.42368930132364506e-2 -2.30561587658657530e-2 -4.67893433683792132e-2 -1.92510291174637256e-2 2.48863508565968922e-2 -1.23556348127956753e-2 8.82833169971970894e-2 -8.94591421668214370e-3 4.55477133150352792e-2 1.76062230354532417e-2 -2.35481122167627505e-3 -1.48360642022266967e-2
dk 2.11945202717331943e-1 9.24142719738158397e-2 -1.65002620021239194e-1 -2.82147668716512395e-2 -4.49757629110341742e-2 1.09571042942133753e-1 -4.94699294853579649e-2 -2.05447542505493574e-2 2.03058113788428390e-2 6.98647779954839343e-2 4.02948429042309653e-2 -5.85507998325521042e-2 -1.50885648642926279e-1 5.13170053551975786e-2 9.81071311724950462e-2 8.07382137642030304e-3 -1.63829308172825067e-1 1.29953328990152023e-1 1.56125452263897770e-2 -3.23582981479548087e-2 -8.48300667300753292e-2 -2.32877605016505645e-1 -3.71173639272010247e-2 1.22777961316029263e-1 -3.96357377587166029e-4 -1.75904067555520127e-1 -1.24387603221373808e-1 3.59941472547040189e-2 -9.38704173613017917e-2 -2.22840589467676181e-2 1.05069439312028279e-1 9.93886063396904607e-2 1.57470343790601763e-1 8.43548456318010953e-2 -5.99014082824537095e-2 -1.03313868574354623e-1 -1.31025701631916847e-1 4.41559554028240972e-2 9.11964824550504788e-2 2.61148579859255214e-1 -4.31684367502780941e-2 -1.71062457567300701e-2 -7.72643665014705744e-2 -8.28241914514128430e-2 -7.86388951533140146e-2 -2.20152143813837187e-1 -1.19898312189594385e-2 5.39350632727258264e-2 -8.98636687514274383e-3 1.80092442689366083e-1 -1.28583760639729316e-1 -1.21287024517728517e-2 2.48234768830723276e-2 -1.51971873823503356e-1 -7.92726850735211847e-2 -7.39573630246941234e-3 1.92250920186620433e-1 -2.43894026556854817e-3 -1.18682512991974437e-1 -6.91694542272910523e-2 -1.08302857355548135e-2 -8.48447522931766590e-2 1.79093247066295057e-2 7.01479257310123460e-3 5.54164304544666614e-3 2.47161098258137785e-2 7.89304220805211593e-2 -9.19708959689550798e-2 -4.45601766335500596e-2 7.43548488207823512e-3 -7.84817535203982258e-2 1.07535829355534129e-1 1.07874820847976872e-2 -8.69659721228167176e-3 1.25259490486960834e-1 -1.21364487393700080e-1 -5.24578251436304266e-2 9.56228490964750599e-2 1.99389271213809951e-3 3.35598760527929044e-2 7.57899722303204473e-4 -2.90195990026855116e-2 -3.57437821815066240e-2 -4.08641505244451003e-2 -1.18975329193691151e-1 2.96675291365598032e-2 -1.48532806275319507e-1 -1.38113463876960246e-1 1.06080382802970621e-1 5.41804251737190573e-2 -6.27550624083162423e-2 2.10472776235156867e-1 9.12023390110093118e-2 6.05906158808239975e-3 9.98020159971353682e-2 -4.29834403064708534e-2 1.22866837376418264e-1 3.35192084428683097e-3 -1.00005999359492392e-1 -2.41704695797751688e-2 -1.27516976363894113e-1 -6.12290744452216595e-2 1.05184312428017540e-1 8.84076152234835461e-2 -1.04503001607418225e-1 -4.59342358793994321e-2 5.32570389063139124e-2 -3.80473430941658669e-2 -1.26684101341168115e-1 -3.07869673135492510e-2 3.46156826695463715e-2 -8.19876563850968215e-2 -9.13135409120427732e-2 1.42424762895893009e-1 -1.35870258223979523e-1 1.72796693697763737e-2 1.70776697303784628e-2 -7.52609273624470637e-2 -4.90097969173090148e-2 2.05155821781801945e-1 1.23029285817159148e-1 -7.40411762617168290e-2 -1.22441901970476316e-1 2.82034390516658004e-2 8.44627463477831131e-2 -9.55803619205947141e-2 -1.02673592772699857e-1 9.10094325316101321e-2 1.16665733048554432e-1 1.45064308562546929e-1 -1.49967977267865010e-1 4.91291225263404824e-2 3.62167748912459037e-2 5.54907845970946875e-2 -1.07912550071487534e-1 -1.12094578952428414e-1 7.39522262583766216e-2 6.69788772375116831e-2 -8.11592511224122487e-2 3.82226874401680808e-2 -4.15318607270486889e-2 -1.62046013184128784e-1 1.75252553731506444e-1 -1.89541570678619098e-2 -9.13796809189266618e-2 9.31955954072023404e-3 1.40574627414927295e-1 4.11889731854091501e-2 -4.59333150674938809e-2 -1.27130565481184704e-1 1.71475616959592153e-1 1.48412723751943337e-1 -3.38223592468623949e-2 7.50264386210856230e-3 -7.64281222333404175e-2 -1.45031658083140863e-1 -1.15716856554906947e-1 -7.76601464845295408e-2 -7.58405050781177370e-2 5.21674705740748992e-2 1.99143509432162767e-2 1.00659594482598452e-1 -8.17585401820588309e-2 6.23099853425996900e-2 6.93446537128587087e-2 7.90327819198525933e-2 6.69243923156871562e-2 7.28909582747614415e-2 -4.79118445948505181e-2 3.88314358610766172e-2 -1.61526340662619186e-2 -2.06153857315511876e-2 3.50494165371560140e-2 -1.36574474460135237e-1 9.94472094979846066e-2 1.39501372278058263e-3 1.46594779029579902e-1 1.20623210923568817e-2 1.36477073084784427e-2 7.11996345040213086e-2 -3.62965458228977581e-4 -3.74695151858500178e-2 -8.36013948150728242e-2 -1.35230801960488811e-1 9.59220755139401915e-2 1.87250852049133998e-1 -3.77457539895137278e-2 -1.94396193517771876e-1 -5.94792222885797764e-2 1.54055886991408177e-3 6.31510005901078780e-2 -3.52728654638753275e-2 -2.04824171416466527e-1 9.49059659098705488e-2 2.44096764010607523e-2 -3.60816514432691846e-2 1.82190983695766334e-1 -1.53446712725941754e-2 1.07918147121009778e-1 1.57594129791394089e-2 4.63137801558156231e-2 -1.62173418034828772e-2 -2.69262989580413767e-2 1.59764303846501116e-1 -1.71560952752402365e-2 1.08277295543268579e-1 -8.29324954731105596e-2 -5.55098695690458693e-2 2.60606023871391701e-1 -9.06379447758113854e-2 6.86630288573048669e-2 6.69724711396932210e-2 2.06248405551483716e-1 1.32129394856759841e-1 6.04862041899210806e-2 -1.88445145140876374e-1 -7.38480406211086404e-2 1.19930404232872087e-1 9.53312137797701631e-2 -1.29931126383009909e-1 -3.56491166696603079e-2 5.35601830535869586e-2 -9.28793558192474999e-2 1.58771005134452164e-1 -1.98922044467541415e-1 -3.00411555115649598e-1 -1.04319457457556844e-3 1.69924784139017765e-1 1.03957358059815291e-1 8.61119352220557077e-2 2.13546683383776456e-2 -1.93643601285380329e-1 9.60346223352169376e-2 -3.70894302951399815e-2 -4.10121542702638047e-3 -9.97178640640584563e-2 3.46719015966460431e-2 1.44052691829871793e-1 2.80713666282944793e-2 4.68295713988381573e-2 -2.89453361222142026e-2 -4.38094851171721839e-2 1.18916962260791279e-1 -8.61437474089386673e-2 6.05112506567672126e-2 3.25736332930535888e-1 6.22796635129832382e-2 -6.08213709896676391e-2 -2.76420216770725480e-1 1.40581523763189054e-1 1.78188313439487961e-1 1.77092338304532144e-2 7.05146330202947730e-2 7.44052329564696691e-2 -2.81568072426081617e-2 7.16134439472069090e-2 -1.47876389829272703e-1 -1.54234587110907068e-1 1.04414416057345208e-1 -8.06732951283941069e-2 -1.36904744442274851e-1 6.65729569452899878e-2 1.10843550124062912e-1 6.90915981243661603e-2 -8.34405952474316370e-2 3.20562625283511982e-2 6.03025526847474347e-2 -1.69299100429187305e-2 -2.06641415129145169e-2 1.29172226667533335e-1 -1.30209091176181763e-1 5.27001215012784033e-2 -3.89569755885826874e-2 3.44079028443618623e-2 -1.60383761267395598e-2 6.63152527742425554e-3 5.84053662879738741e-2 -1.85161150742963292e-2 -1.17348736770139836e-1 -8.11416346574557468e-2 1.18534466593871284e-2 -1.30150551633127165e-1 1.13981674789846790e-1 7.41278121778714549e-2 7.97908667208757361e-2 3.64821494216250181e-2 3.64592511847206882e-2 -3.61783241749017229e-2 6.69513919597856163e-3 -9.45241843683722188e-2 1.65246116283159938e-1 -1.24460058159931899e-1 9.14465599288736414e-2 4.82644626535322059e-4 -8.49416362724592366e-2 -1.68415373062755086e-1 2.22591558880322338e-2 3.91156493159864893e-2 9.43988813974386692e-2 9.91749744557129387e-2 -1.05122999092591818e-1 1.05846905890668488e-1 -7.99512491116980972e-2 -2.22147413414665318e-2 -1.55014939941260886e-2 -6.28538243867480390e-2 5.13318284949040027e-2 -8.21306469207543910e-2 1.12366219482010379e-1 7.11551791257290650e-2 1.60214282539388853e-1 1.94824599735507281e-1 -1.32556576748481786e-1 -1.46473465801618075e-1 -8.88862372539410590e-3 1.56219420277609655e-1 -4.01517577076734369e-2 -6.84007327925607866e-2 -2.27836426953777621e-2 -4.80029605582635022e-2 -1.91362184522542444e-1 8.33683365730035625e-2 1.22410718978092747e-1 1.02689212394078772e-1 5.84346368268760311e-2 -1.34449669438168329e-1 -1.07407466533067902e-1 4.71147817393969687e-2 1.01298071118496841e-1 -8.64113022915381085e-2 1.26099318729624710e-2 -1.43714356678598776e-1 7.23063328026805480e-2 -6.86696000782001659e-2 1.88324521709236315e-3 -1.71710543564213558e-2 1.12449024485493668e-1 -1.36359918142458736e-1 1.10252179239049328e-1 -6.75356137676306478e-2 8.53695761842098930e-3 2.00227872203189633e-1 -8.37657102374537443e-2 -1.35812953952375415e-1 1.00190283805948285e-1 1.85875080903243450e-1 5.94134205690443756e-2 1.57197593752615855e-1 5.04154100761869464e-2 -8.16384185257507458e-3 -1.28408335210930067e-2 -1.07707699379943997e-1 -9.21865304737213287e-2 -1.99096414287559254e-2 -9.29835071819985239e-4 1.32813400507289542e-1 6.28681222329272454e-2 -1.04695433577317532e-1 -1.17637040256460546e-1 -1.03386317430414265e-1 6.78460198771584262e-3 2.61239599610490411e-2 -2.21765142373624297e-2 -3.41182887930398526e-2 1.60475627313763830e-1 2.05691780591140905e-1 4.26565475447610448e-2 2.23691815209144731e-2 -2.39321760315945840e-2 -5.00226332833914461e-2 7.52075766581770389e-2 -1.31217769167240261e-1 1.11513374206972354e-1 1.27363582426293032e-1 -1.49611518007725791e-1 5.38071111090534654e-2 -1.85577981952853369e-4 7.32282358676947243e-2 2.17189915609202422e-1 3.00200777052869253e-2 -1.33127890856165804e-1 1.24822067740823009e-1 -1.12674094392014076e-1 -1.50801321891036177e-2 7.49130846958285940e-2 -6.39528782326727607e-2 -5.44797569902801190e-2 7.71852233662160131e-2 -6.88489961018195623e-2 -3.53047637681869753e-2 3.16045144981065076e-2 2.75339631705506706e-3 -2.84485046102313059e-2 7.08549195945661486e-2 -1.32726017923550810e-2 -6.57391551084586800e-2 2.89576017068814834e-2 -4.18715425091747348e-2 6.24834731315067615e-2 1.21508292908665046e-2 -1.34367036497486936e-1 8.33322152393524279e-2 8.41149393775572352e-2 1.04351204716118071e-1 7.30209009647671548e-2 -8.30074959554253922e-2 2.22358788156005599e-2 9.63299024524188197e-2 -2.44605181901029929e-2 -8.60455175792640276e-2 8.30030994575103320e-2 1.22273541938616574e-3 -9.42369756313025247e-3 1.74696940214106901e-2 -1.36930590069136889e-2 -4.16258865071352097e-2 9.28892518850177873e-2 1.41227130727358513e-1 6.47325437646919730e-3 -5.60391483263091086e-2 7.77309928606503969e-2 -6.24971065107929047e-2 2.57317709518464395e-2 3.86976919179535736e-2 -3.37003670773284025e-2 -2.59278356784592053e-2 -2.41185086296573405e-2 4.42077506143464943e-2 5.11404393894661705e-2 4.47373800625287393e-2 -8.17378616873026681e-2 1.18095361226494729e-3 1.79569516894068394e-2 -7.23747520925518886e-3 4.89844790791186396e-2 -3.33972431068162642e-2 3.43313585663283186e-3 -8.26040804270396223e-2 1.37379590364040249e-2 -2.26187280982252555e-2 9.90924496891283924e-2 -5.54087984160291369e-2 7.07871717069699924e-2 -2.82786410798230199e-2 -1.75170267558592968e-1 -6.92498460372427266e-2 4.46470159958939766e-2 1.06044265908636949e-2 1.08376537436139952e-1 -9.15278184833520775e-2 -8.44339012657194798e-2 -4.65245260003050026e-2 -2.48470758518648874e-2 8.05804187465280763e-2 -4.42606109814219495e-2 -4.89271906254169775e-2 -7.13273717342186031e-2 1.62620518469439868e-2 -2.77903527698197955e-2 -2.66594800657546545e-2 -7.28236690578220186e-2 6.26862480203825307e-3 1.02978922655979424e-1 9.43346872834667505e-2 9.89810454854789593e-3 -5.63705962448354317e-2 -7.31643962003554332e-2 9.43269041629553745e-2 -3.35570589987171375e-2 -5.96999466189003167e-2 8.19404088356345817e-2 1.48513579596553147e-1 -1.47838643154800799e-3 -1.00619681678005890e-1 -2.41543190919045921e-2 4.24708737846998530e-2 -8.47197343668782687e-2 1.79234676427211664e-2 -6.40926645660551270e-2 9.38556701661553278e-2 6.61487232875946490e-2 -1.51277138422946204e-3 -2.97487142927321639e-2 -3.18205754496903651e-2 2.32226350036697504e-2 2.43470933804871177e-2 -4.87832063237720118e-3 1.62586221292756530e-2 -3.79041272121292891e-2 -9.43196589185624733e-3 -1.87128147309823488e-3 -2.18680461228247490e-2 -1.07239619905786662e-1 -1.18428913255805540e-1 4.51981354629727300e-2 -8.95223485054741225e-2 3.39271060664911653e-2 -2.68301712563569694e-3 -8.09149846001195328e-2 5.11052553209564511e-2 -1.15841143191433918e-3 -1.91659564510158198e-2 3.66476074734531782e-2 6.60085807842894223e-2 -1.74413280237587995e-2 2.04853225270091657e-2 -6.29600899807717385e-2 1.93419309126337396e-2 2.07370917820459862e-2 -5.54995989079834773e-2 7.45131977940786533e-2 -8.73958325586798312e-2 3.99023581787449344e-2 -8.26647351028913513e-2 4.31260177128916095e-2 4.70795280258331367e-2 9.77574958493931424e-3 4.24838742387274315e-2 4.86882886809766185e-2 -5.25993340402102078e-2 -6.65475858754846078e-2 8.35377477473063512e-3 1.63889935381527525e-2 1.93210044356234463e-2 4.40020623815776252e-2 3.10280911182645655e-2 3.76013419486332379e-2 -3.52298555217671339e-2 7.32161425613420905e-3 -5.33134761950311703e-2 -8.43209700575458937e-2 5.63150124157727264e-2 -7.86707642237275961e-2 1.64922757010093485e-2 4.75181429306802960e-2 -6.98954965626926578e-3 -5.47884153518871236e-2 3.28105275437328842e-2 2.07384097103998945e-2 -2.22933884020547445e-2 4.59981823138171514e-2 4.84463853977711162e-2 -5.26802199913575450e-3 -2.47042723392086085e-2 2.63244361974763648e-2 -1.88102213274530042e-2 -5.50785206228112181e-2 -1.58860397778300411e-2 -4.89867876542846165e-2 2.60750026944163160e-2 -4.25911408483885395e-2 1.97636698503473630e-2 4.01823834894435156e-2 3.96589968292450010e-2 5.42284073814576009e-2 -4.41473801797570998e-3 2.47930009726755017e-2 5.80762060964332225e-3 9.43225080557706132e-3 -7.87361540820993161e-2 2.70656458291882486e-2 -7.44311711654052494e-2 4.08908330279985979e-2 5.82755383269426622e-2 -1.05267016332712599e-1 -4.39805274266006699e-2 -3.96621844532386685e-3 2.99179298673265259e-2 -1.08574564450067516e-2 -2.64413355976450756e-2 1.08667773595441351e-2 -4.83941378663361801e-2 3.78233587736755139e-2 2.15689437564497433e-2 1.63615903064580695e-2 3.33049933769601070e-2 3.24255402073456642e-2 2.39465610262142442e-2 7.19334684799814855e-2 -7.30273378049363514e-2 2.02632268561917829e-2 -6.48577915760396029e-2 4.56516234335877999e-2 3.17233148237231893e-2 2.88032087887643805e-2 -3.21275703106684296e-2 -3.28612852711210185e-2 3.36135011605982123e-2 2.81426531424063403e-2 -3.39439264350111514e-2 2.37934393554442743e-3 -3.72344595172603293e-2 -3.89922146701432229e-2 -2.40221142813224001e-2 -2.70005820292962967e-2 2.23717023346121056e-2 -2.25971278133498613e-2 2.87164537345303769e-2 2.83380703219916555e-2 -3.60844710834105770e-2 -1.15821517131016634e-3 1.14677665619077346e-2 -6.35267465739656895e-2 4.28960877749923544e-3 5.58980807082888817e-2 6.83100326933258895e-2 -4.88642889332434674e-3 3.23057393860950049e-3 2.77431026745309558e-3 -6.37058975364670783e-3 -5.97932059318193043e-3 -1.35308082663547005e-2 -1.45722315872053206e-3 -3.31401438863943160e-2 -1.95021006447523848e-3 -3.39659271653277965e-3 4.31484218719303640e-3 -3.08283852840594529e-2 2.57739438269444059e-2 4.05709708770397772e-3 -1.98453423204524373e-2 -6.74556980251288657e-2 -4.76153619751586710e-2 3.11195792135318498e-2 -5.18352974221962179e-2 7.87699407660956696e-2 6.33380707357859580e-3 -6.37637913325111126e-3 -1.23198619256813108e-2 3.15180344645120403e-2 -4.50751444762559836e-2 -8.24684389312592692e-2 -2.97750872861612531e-2 -2.80315101825690631e-2 -5.84991258579540263e-2 -1.26774024053654209e-2 -2.40405123715815884e-2 -9.59723878915435397e-3 -3.11581840192576114e-2 7.05363690019190828e-3 -3.12872257298468098e-2 -8.34420036195686055e-2 -1.75900886378678699e-2 9.27016049584600543e-2 5.45152002301102293e-2 -8.00619801822691490e-2 6.42856223288549578e-2 -8.59913500442146539e-2 2.73659015886042190e-2 -5.03724421636149583e-2 -3.10639420127170052e-2 1.24076791690960392e-1 1.10558105085597186e-1 5.37563631145468873e-2 -1.05208154872019316e-1 -3.33600560777367466e-2 1.16247024959591994e-1 3.19676914537330298e-2 -7.20395338956229259e-2 -1.47451843470770040e-2 1.33933783143504181e-2 9.33665387799067215e-2 -4.46213211946453261e-3 -3.39730439597308274e-3 -1.11209698618093239e-1 3.96793757894572663e-2 8.52339631115668211e-2 -1.46825080620399145e-1 -3.95012113043796340e-2 -2.32140846913600485e-4 7.21110233066994399e-2 -1.07797745744750498e-1 -1.42499989284810114e-1 -2.03559647167052618e-3 -5.92322558698144819e-2 -4.08166437793095749e-2 -7.17344077585266165e-2 -9.79044227096701053e-2 -9.47036885661622918e-2 -2.12614748695961926e-2 7.42784580148285745e-2 1.26687678326774401e-2 -8.38292078024469034e-2 6.28523327177008539e-2 1.07550456445639819e-1 3.82141080818602930e-2 -2.36376157353740540e-2 -1.94076250343946342e-2 1.98618752825906117e-2 -1.38193397754577896e-1 6.26243939248122272e-2 8.90447397270593966e-2 -1.52116794792243520e-1 -2.70374723832174785e-2 5.90359861835575359e-2 -1.74749716084432322e-1 -8.38246374901092106e-2 -7.65302425649719981e-2 -5.44485477239466872e-2 3.10513957938524654e-2 1.28000316914357981e-1 4.32303812299538390e-2 1.38669492379101478e-1 3.62900442186727193e-2 1.92443036241935345e-2 2.99569131323030105e-2 -8.54655234792946542e-3 -2.38983721556889558e-2 5.96215169221708460e-3 -3.13974227875351217e-2 -2.50490219184479404e-2 1.45940081682709895e-2 1.26864980787249858e-2 -4.67714528537374954e-3 7.81424877768590806e-3 2.60475163240552893e-2 -5.99561384534097810e-3 -7.46775126448406545e-2 -1.55303743609219308e-2 -1.33121776890269949e-2 -1.07387832866256243e-2 3.02159975899354283e-2 -3.08415465730025942e-2 -3.42171077818407832e-2 -3.82287487939116447e-2 3.02020849647110859e-2 1.14546207484554335e-2 2.69777355896174201e-3 1.55960879537324175e-3 -3.13318652223761041e-2 -6.54615760295418625e-2 1.19951955672144978e-3 -1.97711245743349175e-2 3.57398651509734447e-2 2.80360399096333500e-2 2.39401790004823457e-2 2.16518308666897828e-2 1.15824029047732410e-3 3.75330533941043085e-2 -3.32620223918367250e-2 -4.09217119458384418e-2 2.72977868378915141e-2 -8.21522812948916048e-3 -3.75828076899882152e-2 -4.57878756410570568e-3 -5.02725510632298991e-3 3.66471689638309187e-2 -1.23788217315456243e-2 -5.32947657565948224e-2 -4.06222837056275654e-2 -2.71866785521548623e-2 3.22438695675058978e-2 1.47423149821991582e-2 -1.56579867490024213e-2 2.37007233769214627e-2 -3.24326326311550756e-2 -5.80462048135244602e-2 -2.82113897459091122e-2 1.28529399970566203e-2 -5.90147832118128463e-2 2.08423532447641856e-2 1.87789423007772398e-2 -5.63181911289865195e-2 4.86499766534261285e-3 3.82232203246273758e-2 -1.23651430131035099e-3 1.32567671407693433e-3 -3.96393774910918650e-2 1.11542107927106129e-1 -3.98404977483262993e-2 5.19225777641621304e-3 -5.71478423453125883e-2 -2.03281381962111436e-2 -4.45780468302295133e-2 3.66843059006776787e-2 -1.88550860329184718e-3 -8.01935700254728101e-2 -2.21372497219702756e-3 -1.44881368688313580e-2 -1.79601295837548101e-2 2.22273143914160920e-2 -8.19461258422949368e-2 -2.04342681248132207e-2 -6.25698771028150302e-2 -2.00073222322978070e-2 1.29884580256825755e-2 -7.46101309916041584e-3 -2.11546644765315296e-2 -3.77206377625216929e-2 3.79711082206004441e-2 -4.53118082527604882e-2 -1.36726657673613035e-2 -4.23514605211645304e-3 1.84700294884393816e-2 -2.41145598551763957e-2 2.96887009675370211e-2 1.21290561694710461e-1 5.64604572064965268e-2 -3.17144589799861626e-2 3.17556791692671717e-2 -1.05027747836020473e-2 1.07095032682492597e-1 8.07094482779931038e-2 9.22291601086693141e-2 -1.72318809127839714e-2 6.52820224066800875e-2 -4.56420442124487249e-2 -2.07202179170958151e-2 2.52119386235956366e-3 -1.01120058409054386e-1 -4.23056222994704981e-2 2.10673879634328473e-2 -2.98212174739726082e-2 -5.53710748852385450e-3 -6.15172272644640417e-2 5.25046510904112543e-2 -1.69229745633416306e-2 -1.36722538739819273e-2 -8.46427031133298591e-2 -5.69413160592093376e-2 -5.46493743011475935e-3 -2.01125111552656610e-2 4.85357217730478172e-2 1.76971802337102524e-2 -3.35273962137711545e-2 -1.26401155921550355e-2 4.79502903824328072e-2 -1.13038315285411695e-2 2.57111378119919132e-2 8.52740947001367905e-2 -3.92310385882935122e-3 -2.64407837608339399e-2 4.63694785282861479e-3 -3.68272561362713302e-3 1.01951336612187207e-4 -2.63887539215665809e-2 -2.07671105085848115e-2 5.65048687071568675e-3 -1.76562041939861934e-2 5.84684420758512374e-2 8.48571189384635799e-2 -5.84640156019507612e-2 -9.47738663375405008e-3 -4.77365595649408142e-2 -3.64951673811660313e-2 8.39471092116227391e-2 4.17870127084715090e-2 4.98430255139398343e-2 1.39880212236453624e-2 -1.32702287596267801e-3 2.65921753209886168e-3 6.76392392202296161e-2 2.32874921799349419e-2 -5.10715201693987403e-2 1.91242273584426616e-2 4.05100764940042376e-3 -1.20455606364111463e-2 -1.88320947944014064e-2 -1.76303264009046758e-2 3.08034645697223032e-2 -4.19827933200865866e-2 -1.34447867033422007e-2 4.18458087226029340e-2 8.24976019691254919e-2 1.21265970508397918e-2 -1.26783249514647936e-2 6.82754766314107309e-3 -4.29262727063130164e-2 -1.38554184188878944e-2 -8.34770492352790716e-2 8.84570696985168339e-3 -2.90432922622445161e-2 3.34162450030351527e-3 -3.01609839996483595e-2 -1.79850201630966863e-2 -1.36038538934842180e-2 3.61891937523539098e-2 -6.08352643999136022e-2 4.37739338377714660e-3 3.27240040203505417e-2 -4.87903561185841148e-2 4.55787841513721412e-3 -3.12640220151011658e-2 2.10091331146887508e-2 2.07156467166035307e-2 7.93878817761635783e-3 -1.66481695141520933e-2 1.43300410151248336e-2 -4.49278318268602206e-2 3.55639932465654715e-2 5.37443400103430335e-2 1.28878551295780082e-2 1.72636410628946614e-2 9.09727617676882663e-3 -3.80833745031021187e-2 -1.87209682704271713e-2 -2.40609508270873962e-3 9.59364635022904449e-3 -9.72493426078046078e-3 3.44761263688628944e-2 1.87218229591109286e-2 -2.16020066687467524e-2 -4.75747600516840743e-2 -4.43301801004503115e-2 -5.24404214840553939e-2 1.56692824983768464e-2 7.35489779385962821e-3 -8.23251463530762055e-3 1.33272847920785815e-2 -3.63840097012629871e-2 -5.81247547263690698e-2 4.11111409180140233e-3 3.25330371065291613e-2 3.67556875968692853e-2 -7.06401147100150506e-2 -1.03929167650829352e-1 1.10877064759935650e-2 1.05823094050952193e-1 -2.60513036367569090e-2 3.26215346069005235e-2 3.91403034797059776e-2 2.99449284611489758e-2 2.89584966043482037e-3 3.26730902312118848e-2 4.47931610085258169e-2 -3.83328541632489000e-2 -7.61297879885331763e-2 -5.96017580996980739e-2 -2.47262026444955221e-2 7.51965378906195858e-2 5.70925910863143773e-2 9.82490486340739377e-2 -1.60269365754247342e-2 4.40023454706159750e-2 1.18994210390350724e-2 3.59040941406653172e-2 -7.39598446531795906e-2 -2.31503528895926972e-2 2.94642789839047424e-2 -1.40647074889117159e-2 3.03573483440470610e-2 6.13270257795596463e-3 3.03141013059133324e-2 4.04285121429500474e-2 -8.73134249121539259e-3 8.30252770470640486e-3 5.00279280257584641e-2 -1.21805319434868525e-2 -1.35664587678463525e-2 -8.42739994078101767e-3 4.15372452039190140e-2 -5.39530286534408293e-2 7.32748909367415407e-2 -4.13735875097865705e-2 1.24576534684093954e-2 -1.34662854064751137e-2 8.08498890134688730e-3 1.86095799357622882e-2 -5.07656902657541015e-2 -2.43251682645915165e-2 -2.90348499854567732e-2 3.84458902647657474e-2 3.48634130676335197e-2 1.91111775654156935e-3 -1.34772318469484828e-2 1.98497777960890617e-2 5.56017525680052443e-2 -1.03594310085954842e-2 -3.35460745211195628e-3 -2.51349701081338877e-3 -1.74857747115010273e-2 7.62009075890979076e-2 2.57498540795780932e-2 -9.05493041387017521e-3 8.06085681949083796e-3 2.07498026044561842e-2 -3.22642029772523958e-2 -3.87431817684050499e-4 1.50652219152019578e-2 -2.78769643786240320e-2 -3.06943419537373356e-2 -2.90171522056916383e-2 4.96106586194384122e-2 -1.04682224462405021e-2 1.92200334491105518e-2 2.20617096629777236e-2 -1.38039600512320794e-3 -3.74996778221903873e-2 -1.18284083378639628e-2 -4.49619051797271185e-2 -4.64062705101764839e-2 -5.67162673298514386e-2 2.99677394662063688e-2 -4.06326900718365636e-2 5.12780883452250511e-3 -7.03305380104158190e-2 4.03312049938875095e-2 -1.99483977425485119e-2 8.87223215632784550e-6 2.14914959259736929e-2 2.54386422535868260e-2 5.07509007939234008e-2 2.03378306513856133e-2 3.77461117081299077e-2 -1.06087576022039672e-2 5.98882483459527715e-2 2.31106885491275879e-2 -3.70690355742278529e-2 2.66258998796653108e-2 2.60380878011761858e-2 1.92852792271231248e-2 5.14451725115219471e-2 7.92164877038642641e-3 -3.21908337315075267e-3 -2.94860199083379765e-2 3.93313994294978639e-2 -6.65540809811943357e-2 1.19880588606333677e-2 -3.12531370609172438e-2 2.30204205099403779e-2 -4.76345975679070555e-2 -1.81333833948326001e-2 1.43486874735300491e-2 -1.33385259465468959e-3 2.65318041557228261e-2 -8.21558647060236652e-2 -4.16293327775111022e-2 -2.79917962370166556e-3 -2.59884223315921727e-3 1.47723006276816518e-2 -9.57824786582887194e-3 -3.38638671259952756e-2 -9.69316181555926817e-3 -2.95084808115072227e-3 8.85318791991518417e-3 -1.61239875126655691e-3 3.89555725046109302e-2 -5.51325304089800780e-2 6.80551656912070473e-4 1.33262731029502781e-2 1.56305611086628160e-3 -5.14142832579052647e-3 2.94417686089718036e-2 8.87649771188411298e-3 3.54615930355185321e-2 4.84353002645281083e-2 -8.46935868637558112e-3 3.56833053194381550e-2 -1.38640814369353164e-2 -3.34096808880575205e-2 3.88182196236132315e-2 -2.80931881331778488e-2 1.58242171296628029e-2 2.66329300738721748e-2 4.35781759140551894e-2 1.16375845741210453e-2 -5.25897583328272245e-2 4.52604115702707512e-3 -2.95034992919432359e-2 5.79201384983304979e-2 3.57182571666326970e-2 -2.80763660504823424e-3 -1.56074991948871276e-3 -2.46140707848701464e-2 3.32116685657590921e-2 9.84039582071039032e-3 4.94644444164351292e-3 2.73544295260998941e-3 -2.76121750283023215e-2 -1.07683125852112514e-2 -2.33757058211935473e-2 -2.93316211950209633e-2 2.09759483424681661e-2 -1.53542516029413784e-2 2.70274662743959643e-2 -1.29921289118057268e-2 -2.66930535397262364e-3 -1.00311426155576429e-2 5.91664353183143296e-2 -5.41698237933237042e-2 6.83465588000338464e-2 -2.14336942647697648e-2 -4.45356537952193293e-2 5.76984521395861732e-3 -1.50945773598031713e-3 -4.74079182125088511e-2 5.13229638788878229e-2 1.99169523495941053e-2 -3.13464050357469756e-2 1.50516704857690635e-2 1.10524072175817063e-2 5.46332429885121457e-2 6.05160840001450154e-3 2.72008112953894265e-2 2.10617305181381165e-2 9.73425933990154993e-3 1.98473604170631389e-2 -1.28620265129512669e-2 2.51941080582404504e-2 1.14350188078583513e-2 2.33249564098695870e-2 -6.53779953424980451e-3 -7.00851357737637126e-2 -8.73383511052565516e-3 4.51276647035151260e-3 7.95534756983132078e-3 -3.54969246615041562e-2 -7.76264950372565626e-2 2.54966782532379116e-2 -4.95761942702413888e-2 -3.16428513606748923e-2 3.64259713124575821e-2 2.83809202903339726e-2 3.29170933882316150e-2 2.16471699580595110e-2 -4.32201490325674897e-2 1.38272533433252028e-2 -6.73259225232276659e-2 1.30683439197532936e-3 -3.24297571668027279e-2 -4.36657512484981414e-2 1.45166331662383054e-2 2.95743334004434678e-2 2.15651339699015829e-2 -4.03287615090260829e-2 5.58393539252560189e-2 7.36695313875400798e-2 5.67757106019451327e-2 1.73068426613124209e-2 6.80326108364077003e-2 -2.39681637834011363e-2 -5.26302210317302135e-3 3.97114091958223267e-2 6.00304078596135757e-2 5.52875011325510146e-2 1.56661634232070843e-2 1.24143966717120326e-2 -2.09768383366300722e-2 -5.12987070345404667e-2 2.36948677361701020e-2 1.87749429397359516e-2 -4.91548314956893259e-2 -1.87639952303156644e-2 4.49592062005808799e-2 3.57899199855900990e-2 -1.71271134393505449e-2 4.32814652172833561e-2 -3.54782610913050162e-2 3.83278378258280691e-2 3.72961504409662220e-2 -4.48478694544562073e-2 4.62110519398673397e-2 -1.23113081763643398e-2 1.27850883224952458e-2 -2.91542985462952126e-2 2.58784701196750136e-2 -1.35514428083390748e-2 3.19284746723148688e-2 1.53242130779218562e-2 -1.02839590023216070e-2 1.35469774512372264e-2 -3.93807133236503404e-2 -9.54530751433215613e-3 1.30797734972619185e-2 -3.13180672263192912e-3 -1.16850949128908203e-2 -1.73111526632983501e-2 2.53761560589984463e-3 4.55162031479351258e-3 2.18950804357095387e-2 -4.97110568811907211e-3 -1.72108153687329547e-2 1.22417928962677645e-2 -2.69578545814963405e-2 1.79007649316147502e-2 2.15913116808305154e-2 2.97506041870387976e-2 6.00213052544341062e-3 1.42518992802078970e-2 -2.23538925530543039e-2 -3.80505948927793852e-2 -5.00328830980301398e-2 -5.60090937004848431e-3 1.02358919597463367e-2 -5.43608195734765140e-3 1.27899855112231023e-2 9.12687655502013306e-3 -3.72417586842285625e-2 -1.00879169356189839e-2 -2.86058734275777757e-2 -1.51693257309352542e-2 -3.45926217259566156e-3 3.52058578512576686e-2 4.15442444424634072e-2 -2.58333213011887886e-2 8.25212456167019257e-3 2.65271659018639465e-2 2.20454188104261400e-2 -1.27878213462574546e-4 1.47862522394103944e-3 2.85389332475514566e-3 1.32095048669241422e-3 -1.30763810792847001e-2 1.40147029488271388e-2 1.94124468634760544e-2 -4.31626745015249811e-3 2.82889637455611583e-2 2.57861832360526122e-2 -6.12781125039578434e-3 2.45092933820723786e-2 2.47944662266270099e-2 2.27218189834064062e-2 7.39271762786995398e-3 -2.82084854444882467e-2 1.99865512351784028e-2 -1.79913151725640055e-2 -2.46182393218195919e-2 5.00522734148901166e-3 2.73419757105513098e-2 7.49904133745239211e-3 -8.14329715929733929e-4 -3.78083887944465208e-2 -1.86879798223406370e-2 1.13457390188316364e-2 -1.91434712123403732e-2 2.96018705197079075e-2 4.16470112701313247e-3 7.86930367024874129e-3 1.99302619211026363e-2 -1.43044448178008977e-2 -3.02904041760407869e-3 1.40330492722034877e-2 1.77992035184336623e-3 9.11388479926518967e-3 -1.46809730510662206e-2 -3.08448963284611855e-2 2.50358917274358730e-2 3.14911866480550029e-2 -7.02683876231982238e-3 -4.60886292985869485e-4 -5.57097973217907712e-3 1.31268098302336871e-2 2.03071184042496371e-3 -6.02548909768384558e-3 9.72168451149716013e-3 -7.95860266738891362e-3 -1.67011713720412076e-2 -3.87732136472387565e-2 -1.70149305844637042e-2 8.06359963438727997e-3 -8.29573189304298395e-3 2.68808819171432734e-2 3.36218909216969980e-2 3.56835088888438935e-4 2.09346491016743977e-2 2.12920669141384092e-2 -3.73501707716583295e-2 -2.59062540899307400e-2 -2.31645002420217874e-3 1.02991280785346504e-2 -7.79287194099392757e-3 8.48473320601404908e-3 5.93145964392517450e-3 -4.44799865941089816e-3 1.71302500975251681e-2 2.32322488586225208e-2 7.89611550778591791e-3 1.86824450054762191e-2 -7.60042192416534191e-3 -2.38516312128138758e-2 -1.84380516885613958e-2 -3.54131791868421489e-2 2.32162814489112260e-3 -1.99210837853104027e-2 -2.46785214974922194e-2 -1.20852226170013316e-2 -2.24389029076608529e-2 1.19188207674144776e-2 -2.30909034996228599e-2 -2.74136084284328863e-3 7.96442963380153586e-3 1.13583469174621354e-3 1.16614211894330291e-3 -3.22984579948403568e-3 -2.43574496823408190e-2 3.53123022982528567e-2 2.49401698069956421e-2 -7.14301616923977180e-3 6.69052678137751610e-3 -1.27558311968945827e-2 7.33277097013791939e-3 6.33593580410805185e-3 -1.77563926048128623e-2 2.88035327668083527e-2 1.19903673225298761e-2 4.17887730025126754e-4 -2.29381639583417542e-2 1.65712248712473510e-2 2.97061866492173456e-2 1.89450612784029665e-2 -4.01104560732880797e-2 -3.40505641193971573e-2 -7.02213589803036588e-3 -3.18146122146644242e-2 -6.08861256960559292e-3 5.73480436163206937e-3 7.78206688466567126e-3 5.10538210927681448e-3 2.66187379955035025e-2 -1.70060345539818913e-2 -3.27594074801112588e-3 -4.59798176112106863e-4 2.63789466508402293e-2 1.31708216247970033e-2 4.04490815721556748e-2 -2.99990819049271960e-2 -9.36771518810580739e-3 -1.65555539440978387e-2 -3.82023467825898105e-2 -1.03003344279093949e-2 1.25604113156669011e-3 1.27299788122928505e-2 2.86975515211574349e-3 1.80262100255856837e-2 2.13537952930543951e-2 -4.96475319008178075e-3 2.13055526048324230e-3 2.42941295952565708e-2 -2.24738757382945548e-2 -6.81478218268871151e-3 1.63683894368110358e-2 1.63443783368624231e-3 2.44737632925944235e-2 1.59688714940874510e-3 7.81129946470799329e-3 4.37075496707691469e-2 -2.17212851914006452e-2 -4.70924938666019560e-3 1.52723002506320489e-2 2.87178140376327792e-3 -1.00664871866086979e-2 6.10649169386962183e-3 -1.63001302012873960e-2 -1.62201727288008336e-2 -2.89078519223249439e-2 6.06803738677004923e-3 -6.80054124447745240e-3 -1.27050791711236302e-2 -6.02604201754665912e-3 -7.20169632011332956e-3 -2.15433938263615947e-2 3.09242184551992809e-2 -1.54117167692359729e-3 1.33227821255245526e-2 1.42181156179574820e-4 -7.83428706015723217e-3 -2.01521375117733291e-2 -1.90033686666314233e-2 -2.42199106510609039e-2 -6.69608227614294435e-3 -2.35126941344657517e-3 -1.46468901125124400e-3 1.01146117417709562e-2 -2.55756797495881004e-3 3.80388495766337334e-2 -1.78853853198589381e-2 8.34819085582949594e-3 1.69555835107233397e-3 1.67520413659140339e-2 -4.96762712970190597e-3 -3.47352339163648841e-2 -3.20462918686718265e-2 -1.12066471094740879e-2 1.05963447743478156e-2 3.14634374486259735e-2 2.68446965158026241e-2 -1.78370387526909611e-2 -1.18144155325523425e-2 -1.81460754790075778e-2 -1.23865953087744854e-2 -2.89879795588233492e-3 1.89458467860070534e-2 2.71720156392789153e-2 -1.03927017810539410e-2 -4.56764223585617336e-3 -2.20887508759828486e-3 -2.36206505278796809e-2 2.02519381300021693e-2 8.23169135595004306e-4 -1.10827881757328607e-3 -1.76779556021938525e-2 -7.61267393569991981e-3 -1.18931624767104008e-4 -1.02746948949519242e-2 -3.33220733448967577e-2 -3.78604471576501813e-3 -5.65990552448185531e-3 -2.23286095187897431e-2 -5.02541037136378620e-3 1.17325890536666482e-3 -6.67941401881971732e-3 1.15669187513451240e-2 1.16508977567462285e-2 -7.58959142744178132e-3 2.06674316918111084e-2 -2.99897284499516317e-3 1.65055407776079069e-3 5.00497305829227662e-3 -9.27940009222479392e-3 2.96173681977706139e-2 -1.62094430459098007e-2 3.51566554716500682e-2 3.28856146108919972e-2 1.22244764457745143e-2 9.05100548655822425e-4 -2.46041443621993448e-2 -7.21902637441416669e-4 -4.55329473251250751e-3 1.14231829521772750e-2 -4.68623692066064980e-4 -1.68700987136020629e-2 2.17779439945699829e-2 8.59176989884391333e-3 -8.79070472859624918e-3 2.91322009418289347e-2 -2.07043162366624192e-2 -3.21752416145051415e-2 7.83270261042551437e-3 -3.10155730849240620e-2 2.05675960556799030e-3 -4.57206312218891645e-3 6.79030435015658910e-3 -1.76583498958640221e-2 -2.01872469996248853e-2 1.75082828884411297e-2 3.15044049701613607e-2 -4.01090421856294815e-2 -6.62541499577591099e-4 -1.27758759371304886e-2 -4.97346979039240203e-3 3.67806651116580480e-2 -3.68283911453506363e-2 -1.70969414958674912e-3 -2.09729089975995361e-2 -3.60596807982093634e-2 1.18860536184179685e-2 -5.32316705152470829e-4 5.86432770615926465e-3 2.85494189230143039e-2 3.93025863067767156e-2 2.93991788867803347e-2 -4.72467202516874130e-2 -3.27403058350881617e-3 -1.21574540186707054e-2 6.75496398565858264e-3 -1.76510384371078265e-2 -9.55075430174756775e-3 2.19668066214921947e-3 3.36368996517293350e-2 -1.94871550644439596e-2 -9.87831290468731311e-3 2.23251452866127000e-2 -1.16261614439010560e-2 1.04347394474079581e-2 3.40261767705929211e-2 7.55229966056469425e-3 -8.52268821602129509e-3 1.81294683504227942e-2 8.37347478059339255e-3 7.42883621573972586e-3 -2.96084382156906051e-3 -9.20659359286028940e-3 1.34294935186608060e-2 -1.14929842351088676e-2 -7.75416001477283005e-3 -7.38307982542256262e-3 -7.32252146323132160e-3 -3.46056055446568450e-2 -1.70190176277910492e-2 -1.77252297322543217e-2 -1.42735595470801814e-2 4.31094744742842664e-3 -9.62887670304071394e-3 -2.90422675430392178e-2 1.22622537408154549e-2 8.74386574140304657e-3 7.31977288453240608e-3 1.83391117840530533e-2 1.96266678630468323e-2 -8.13501581174276740e-3 -4.49497675519993506e-3 -4.46199169158127511e-3 1.06863495553139870e-2 2.61777304459614481e-2 -9.88211116170136308e-3 4.06306720671898141e-3 -6.41862850792270499e-4 -1.13160434354999950e-2 1.04484874922627976e-2 3.96257440954343905e-4 -1.27717233412574394e-2 -1.04024035958466873e-2 -9.70498311826279228e-3 -2.27167536015438765e-2 -1.02090172148905887e-3 1.99197015271168135e-2 -1.92666764708071987e-2 2.63608095141817725e-2 9.86657849450074502e-3 -1.23574500743404668e-2 -1.35694153580749582e-2 4.12661151140790699e-3 -1.06879859473514843e-2 -3.37670495849333036e-2 -2.09343686450341356e-2 7.62701793163143502e-3 7.74190561137115194e-3 -2.34931940954611687e-2 -8.65132288702158414e-3 -1.86259698644953425e-3 -7.97771592393131494e-3 1.83290673406240751e-2 -7.75409133556705620e-3 -8.93969546141822405e-3 2.33015785873601916e-2 2.62283022510940295e-2 8.61506239906720435e-3 -2.01632016258273261e-2 -1.06573716144181575e-2 -3.93597189618064263e-3 -1.26438107350390749e-2 7.04066930324722447e-3 -1.13089188015605517e-2 -1.67295734282472356e-3 1.46973777532255455e-2 -8.88065977132265934e-3 -2.07521474865424611e-2 -2.45788028575687940e-2 5.18374175108380769e-2 -2.00690301474369844e-2 3.97706550653523921e-3 -1.27745074166860182e-2 -9.50640528936746478e-3 3.00023860060039532e-2 -2.84634738278214811e-2 2.67941538237879539e-3 -4.68357039425390878e-3 1.36847751328656193e-2 4.18725845303944202e-2 -1.62535561959161329e-2 -8.88954056365255998e-3 -4.07757527160719779e-2 -3.85465082440216364e-2 -3.32810061439962933e-3 -1.91443395171384464e-2 -1.05088451276811982e-2 4.07841229174918298e-3 -3.30069267130851524e-2 2.72606772734374034e-3 -1.39927346516699972e-2 -3.59647150426305115e-2 4.34824051154272320e-2 -1.34873963354625315e-2 -3.00639556932544572e-2 1.67813849737665152e-2 -1.94016399319936472e-3 -6.73366616514743405e-3 -3.55106806495780469e-2 -5.61088902640646640e-3 -2.21482427848959072e-2 -4.79379042299032162e-3 -6.36224521776783403e-3 1.30111367148215019e-2 3.15261784207083798e-2 1.26572909739828422e-2 -3.94730567924598541e-2 2.52865410232301704e-2 2.41497272624702566e-3 4.97649361634997928e-2 1.70430801760323609e-2 -2.21829225837070869e-2 3.60447709163038074e-2 1.99179193027438708e-2 1.74949617584406539e-2 3.75698755707686224e-2 -2.82271604620575288e-2 -1.03758994295499434e-2 4.43973844234996917e-2 -4.50100926268295065e-2 -8.75929752659942822e-3 -4.40376572174505446e-2 -2.13186028287412239e-2 1.23019209622580866e-2 -6.67560774073699958e-3 -3.24139679052658364e-2 1.50609578434290382e-2 2.22851093207129328e-2 5.41633868277765357e-3 2.68726182091670596e-2 3.96615172458114826e-2 -1.01149001621253197e-2 -3.04602115142696764e-2 1.62606706980573338e-3 -1.95158738499837704e-2 -2.26675634294330255e-2 2.53866984183482025e-2 -1.40129143222408985e-2 4.74122130913275271e-3 -1.84379812431733799e-2 -1.86730206734328427e-2 -2.72201683827672791e-2 -7.41593842823827596e-3 1.89044702535503296e-2 -1.20197538699830745e-2 -1.51647141326419314e-2 1.90186470022741146e-2 -1.23116989278012623e-2 3.16820509233590869e-2 1.93580135475227878e-2 -1.01632658609359505e-2 2.80062454052169424e-2 -3.76193629095655270e-3 2.41916876053981517e-2 -2.79231000691293561e-3 2.51890517254894711e-2 3.08640040858225440e-3 -1.23445702563220877e-2 -2.62634268712244115e-2 4.62538188014368148e-4 -3.01804016417009241e-2 9.45987205073328327e-3 8.08159215067948654e-3 -1.50127763217774365e-2 2.81323936400937683e-2 2.76491812296239779e-2 -4.97568656408424199e-3 2.22052768368501269e-2 -1.79580259083196060e-2 -1.52047949840350069e-2 -1.11162425546060956e-2 1.05263392398566823e-2 -1.59501794035253226e-2 -1.35714848543671170e-2 3.23725839305923635e-2 9.72177902435419385e-3 1.24664271213310203e-2 -1.40968366320084436e-2 1.59550068282906000e-2 9.87288558322439898e-3 -2.58551345385884292e-2 -1.31802629490174166e-2 4.38648097008306689e-2 -5.49077296979760560e-3 -1.01880466497731182e-2 3.08589088579858534e-2 -1.09145375296004279e-2 -1.06397960572670470e-2 8.31146168428576262e-3 -4.61720557373712127e-3 2.10040926377134951e-2 1.00078587272080227e-2 -8.39502947234278124e-3 2.34353797094234463e-2 -1.06742436539077612e-2 -1.49358369939950626e-2 1.08836785080848354e-2 -6.16359571855255948e-3 -5.52315323126430051e-3 -8.48898382343142577e-3 -2.27160817691762738e-2 -7.41838124799183707e-3 1.67089021728577085e-2 1.85204007741477210e-2 -9.95614095475965896e-3 -3.76258392394058089e-2 1.70938397093542103e-2 1.71587568645818669e-3 -4.59247699547198247e-4 -2.13045682878508398e-2 2.61349726717065231e-2 4.68306168221904913e-3 1.22608192074342738e-2 -6.32597441330526745e-3 -2.76168716266403970e-2 3.51487111899228613e-2 3.86753407810407849e-3 3.64952524014441806e-3 3.15348620295131804e-2 2.69993833077576406e-2 -1.37020366169670303e-3 -1.08784887886066734e-2 -6.38014849652350242e-3 -3.06585112920929499e-2 -4.10210708372734795e-2 -1.05156816438933803e-2 -4.19328410344486924e-3 -2.62540662045948128e-2 1.42773607334062760e-2 1.75006932904054127e-2 5.30924645447068168e-3 2.47028962777195958e-2 -2.47267230931655438e-2 6.56697512336512981e-3 2.67102459671680718e-3 -1.53555683258891854e-2 -1.24573858758301112e-2 -2.69268349903945582e-2 2.83481968674176854e-2 3.82790689609389554e-3 5.81913947544506621e-3 -1.14455337062238736e-3 1.78715133911634752e-2 -5.72760993512680828e-3 1.16171815271173869e-2 -2.76967871374701191e-2 2.76850681096585741e-2 -2.24191869714722653e-3 7.98509445992215926e-3 2.36404417368345117e-2 -3.24712392165023428e-2 -1.54984339652988502e-2 9.23248398337044029e-3 -8.78652784597451497e-3 3.76295261552691065e-2 -9.24852546096870728e-4 7.93327366980034129e-3 1.44652068602730676e-2 -1.91404388496639530e-2 5.44223442938488074e-3 2.11383192058151731e-2 5.60216796424580984e-3 2.82100160001198044e-2 1.56875320848545580e-2 9.76368612635181501e-3 4.30315337219518423e-2 -3.14292550138854480e-3 2.51533154311545382e-2 6.97728206639280923e-3 1.21423882697137778e-2 2.73482718047756909e-2 -1.53608955022470784e-2 -1.70498681016531262e-2 1.07468119808710114e-2 -2.27371622349858832e-2 -1.83058916213584694e-2 -9.65888472846474465e-3 2.58074822759818100e-2 3.62640724748817785e-3 -2.90000297020431598e-2 3.88408557904146995e-3 -3.35630288234329555e-2 -1.09961502697152342e-2 1.02248577178049027e-2 1.29859676961791154e-2 -6.46182012458377478e-3 -2.79755120997012344e-3 3.07427075481541412e-2 3.68746182020756111e-2 1.54018741108974903e-2 9.52929827672558197e-3 -1.22792942264751698e-2 -2.30621301105885697e-2 -8.03605747912778008e-3 -2.66137456268458533e-3 -1.11997711529865721e-2 1.90002178502578188e-2 -1.74890195098387127e-3 4.30723728240254358e-2 -6.48008918280931594e-3 3.21657951464859176e-2 -3.94042626894769259e-3 -1.59911323642069627e-3 1.44202039976818654e-2 6.54046339017611868e-3 -9.86507554187960115e-3 -2.56081936594040153e-2 -3.74080375166801482e-2 2.12089723318173752e-2 1.50765106851124386e-2 -3.58863413052104285e-2 6.24012095313140717e-3 -1.87805706420462494e-2 5.17631664508301850e-4 2.46568263511025704e-2 3.33824624151938566e-3 -2.42286579448521971e-2 1.15961669328247911e-2 -3.22181892906593104e-2 -2.24560191239144939e-2 1.43064146643093089e-2 -4.33371275089138447e-2 1.60268577016177173e-2 7.81612995646558534e-3 1.04659119380587987e-2 1.48245504270011833e-3 -1.97717357324705204e-2 -8.07404237216682516e-3 -7.24782230847847639e-3 -7.10356506243909822e-3 8.52808130031566455e-3 -6.80647574269947070e-4 1.09627871145579620e-2 8.33029787655600873e-3 -4.92340618510692021e-3 -7.49374221628841108e-3 1.78446486069259100e-2 2.33481286678913040e-4 1.43007233242990334e-2 8.61345172938561381e-3 -1.69282951622152719e-2 -1.37316194081786372e-2 3.82025918365131324e-3 -7.07245395294537737e-3 -9.72847379393936701e-3 2.16455473783112029e-2 3.85823663607266993e-3 -5.53280156697733179e-3 -1.74350828785186304e-2 -8.04726937354079304e-3 8.14899141298812066e-3 -5.61687118661018635e-3 -4.88028184724879042e-3 -9.68717009448544913e-3 -7.96711986387694041e-5 2.35418195041359329e-2 -6.21568168154944256e-3 -5.91196560187838170e-4 -3.33582839360925792e-3 -6.10413391950289687e-3 7.79066307214044875e-3 1.70860276833446588e-2 -8.30931100952206694e-3 -6.57536274314832886e-3 -3.06291380993598027e-3 5.11001806384150936e-3 -5.88616939254290282e-3 -1.47335344410533288e-2 -1.06880039536641144e-2 1.15094883967089869e-2 2.09040374504293079e-3 9.79295026867833124e-3 2.02642173528934811e-3 -9.48101354887359235e-3 8.76363951546282535e-4 2.01789207947377335e-3 7.88996415425035139e-3 -1.69475615810089145e-2 9.88960330335917834e-3 -1.67156788404595816e-2 1.70277362748413180e-2 3.29821469488414181e-3 -1.00243337021002979e-4 4.58533313862117230e-3 4.57072997588582261e-3 1.33467621366968082e-3 -4.79406113594448013e-3 -1.61992830628980566e-2 -1.49535145572465508e-3 2.85785967761487169e-3 2.45094087901860094e-3 8.14747871838624078e-3 4.86109738970435298e-3 -1.22983628200279450e-2 4.63212715103089243e-3 -8.36714908560073564e-3 1.71167485948500947e-3 -4.58337526355654182e-3 -8.73376811508200582e-3 -5.66121011324940450e-3 2.02139702925811749e-3 -2.76267451403080372e-3 -1.19770697667081934e-2 -3.44934580306931367e-3 3.16941066737961609e-3 3.19171621954270285e-3 6.03319555780497396e-3 4.81467930739001501e-3 -5.06515869291196061e-3 -4.85410309459939800e-3 -1.02476368789565422e-2 -2.10264391238545361e-3 2.10423155323421346e-3 -9.38108978470415626e-3 -2.47741061928405176e-3 -5.71314235960108073e-3 6.77270847562715973e-3 1.06661374267480319e-2 2.96182135259550694e-3 -5.05246223046706966e-4 -7.62913514363575563e-3 -9.44303771050192947e-4 -8.04265082880668489e-3 -5.90317942001938531e-3 5.82702892711752657e-3 -5.52161589474889358e-3 -3.86532204270398794e-3 4.24551908539776059e-3 5.01447388975750615e-4 5.23048119748016713e-3 2.93575083106573727e-4 5.95483577720126809e-3 -3.26672651095670594e-3 -8.95228846149440441e-3 2.54494428655992113e-3 -6.24174802552946145e-3 -1.03281471671513667e-2 5.15412406628218585e-3 3.10463807549295288e-3 -9.80918699691694755e-3 1.47050087941428100e-3 -2.88412717347630299e-3 -7.38250825995153889e-3 1.27991323519815337e-2 -4.13874251598392133e-3 -5.30048657063362464e-3 5.61220683908828302e-3 8.51239012635674787e-3 1.85303175130455068e-3 2.61890122919818460e-3 1.53571517352955227e-3 -7.44785458082501857e-3 5.13649203230392721e-4 -5.64964719389266304e-4 5.94215123988503947e-3 7.92977986605492534e-3 -2.43120693489174344e-3 -6.94961851486196672e-3 -3.83364877529391267e-3 -6.02051538017349570e-3 -2.17990905113209579e-5 -3.05901609175265356e-3 -4.76389820241669790e-3 -3.81774085163593714e-4 3.37928117730569534e-3 3.16693610151244902e-5 -4.59020094025048946e-3 4.44581224695607662e-3 -1.11693665778193896e-3 -4.63904907122623944e-3 8.56699083251828870e-4 -2.24479824404975360e-4 3.04121080281897485e-3 -6.72932362782138575e-3 -1.94065600837382900e-3 -5.43288557453266898e-3 -1.04976210278188791e-3 1.45791204162122124e-3 3.15528718124417689e-3 -9.07278291374741946e-3 -3.13665796442774442e-4 8.80724222461654342e-5 -5.05361023010523266e-3 2.59716521066026985e-3 -5.75714293675533197e-3 -6.42517500981598004e-4 -1.15824707610190066e-3 -3.75811870388554790e-3 2.74857531934209016e-3 -4.05445309410940296e-3 -1.85121380187883199e-3 4.82382866277056288e-3 5.05119178849953781e-4 5.76260350452344021e-3 -4.32244666548914185e-3 1.45117850834700448e-3 -3.92924993847424634e-3 -3.09926399974691860e-3 -3.17921872089257072e-4 -4.01373806631841017e-3 -2.70817255821075497e-3 6.44141281000586326e-3 -4.76157678455196593e-4 -5.44677731271977356e-3 6.38433460808869157e-3 -1.08789820103381710e-3 -7.63160323598923839e-3 1.09425993685741355e-2 -2.98232789703345175e-3 -8.67984129746193073e-3 8.48550057557066750e-3 3.64190278935268025e-3 3.66411608531983131e-3 3.20917609727030140e-3 -1.08477385344295631e-3 -6.95785712547731042e-3 8.67241185008447643e-3 6.31313732968449837e-3 -4.43961265169786484e-3 8.50081946021239571e-3 1.86293173933465336e-3 -7.42553094141536023e-3 8.04421056815330000e-3 -1.49010592872286535e-3 8.34875578249186408e-3 7.36285094219495638e-5 -4.57097321730215618e-3 -1.15453461437377940e-2 1.37086108984254967e-2 1.47227552123011690e-3 -6.62811272020995615e-3 -1.56370404497882228e-3 -8.25674551720127423e-3 -2.47470244777858424e-3 9.82290603672385416e-3 -8.06456167780276664e-3 -7.36636608927957078e-3 1.16992660965892529e-3 -8.58263438409917478e-3 -5.37781883193728764e-3 -5.60824854806176148e-3 -1.28501664995910574e-2 9.01029775803438744e-3 -2.65732392555698832e-3 1.00299295947089903e-2 3.35356210141093611e-3 2.75119851843982606e-3 1.21268026114457403e-2 -1.38424570506632070e-2 1.39101677794855249e-3 -7.55870895128274607e-3 -1.03029742742462016e-2 1.07925667848865637e-2 2.11333954576310669e-3 -1.70506858766664941e-4 -3.39150892525145672e-3 2.79899922481076065e-3 1.13975046026458856e-2 -6.65712230807860659e-3 -1.99134656017048873e-3 -8.68873952262120240e-3 -8.50868594194105227e-4 3.12346976952726594e-3 -7.23581414206244874e-3 -4.56932491400716036e-3 5.79765850166043522e-3 -7.96724443529714648e-4 -9.92753022659041695e-3 7.25854653658882052e-3 -1.21527672537423033e-2 -1.55821442425823492e-3 5.26986893990390864e-3 2.51685449696201040e-4 -3.57300183822865372e-3 2.54458303367245675e-3 5.46690617114393290e-3 8.90138181868138298e-3 -4.05305282123831837e-3 7.00730797278782810e-4 3.28445009908173496e-3 5.77925993016437795e-3 3.36019532606950068e-3 -5.57842175998155779e-3 -6.49991345541390793e-4 1.43405558040947206e-3 2.81516176757367308e-3 5.62718938908620368e-3 4.45711711224615077e-3 4.89184944385239687e-3 3.18977883170673592e-3 2.15932318718431914e-3 -5.87375822942184152e-3 5.37047989279239909e-3 1.61140179184741028e-3 6.38869186992915752e-4 -2.70720152777005878e-3 -5.41614435373204139e-3 8.23682895729682218e-4 4.06113892933421088e-3 -6.29446577897737041e-3 -4.83089867972736221e-3 4.53613662818303474e-3 -2.09406813416661373e-3 3.36531524032260125e-4 -3.13506045193270074e-3 -6.51763418904668587e-3 3.84149128642143848e-3 4.95287403595350527e-3 5.44587893439728646e-3 1.05240512090937202e-4 3.85676280584953566e-3 5.80931683755478781e-3 -4.25666828485418095e-3 9.06329126364148409e-4 -2.31105757368984957e-3 -3.25946892714324603e-3 4.40200340539251452e-3 4.77777321740775838e-3 2.63685798426489858e-3 -5.43284407159126334e-3 2.14354656403815437e-3 2.32759887149995744e-3 -1.72711793784813337e-3 -2.91815390931310240e-3 -2.34523367369651216e-3 2.72231109890398075e-3 5.19988084238573239e-4 -1.67766281333754977e-3 1.49026701535361636e-3 -8.89150939985627648e-4 -2.00064425690176656e-3 -5.46291529020419991e-4 2.04419361361206273e-5 -6.10557158823711414e-3 5.59548326188198230e-3 -5.43804624761727324e-3 2.20281326175944146e-3 3.91161664962104416e-3 -5.03176742087182126e-3 -9.42924750638933864e-4 3.28207062166834072e-3 -5.71097416720016578e-3 9.96992348273649000e-4
dv -9.07998603966731627e-3 3.98340758942041129e-1 5.42896938851374689e-1 2.54517824934791803e-1 4.66646615658678543e-1 1.13037191584542906e0 1.44097993091358734e0 1.82704718220121554e0 -4.93708903026110313e-1 -2.77565155854780699e-1 -4.09024564702869076e-1 3.70720374588970614e-1 2.18465103714088338e-1 9.50877490570961936e-1 -1.20571546302505972e0 1.01913362940365548e0 -1.18121112762220926e0 -1.17931282107811208e0 1.35549515335987469e0 -2.92333000919158370e-1 1.14846240792215781e-1 -7.47493949930274959e-1 9.28202412076569311e-2 2.29620341914474557e-1 2.55590390493259323e-1 -8.65432471626507605e-1 -1.44849977041438160e0 3.32905915037674527e-1 1.50986388496084284e-1 4.16012090862175679e-2 -1.24012396250078247e-1 -1.55908722724764215e0 -3.71354593389597254e-1 -1.02636998853260039e-1 -6.95794213867774403e-1 -7.87376952889163095e-1 5.18440463585733147e-1 9.36216594297061389e-1 -3.23883320473920489e-1 -3.81812007772327544e-1 -9.29499053573634826e-1 1.03601914908365722e0 1.31663250231280538e0 -4.92682177607675187e-1 -1.06502455802492436e-2 5.17381817823825751e-1 -7.20459209053184613e-1 4.99624786451840996e-1 -1.23822206368626819e0 1.46182044318500487e-1 -1.24747314630940842e0 -2.12671450071638291e-1 -2.15295083866663184e-1 -7.34262595715895028e-1 5.23979207416823911e-1 9.60727284151267624e-1 -1.33767627926697807e0 9.57432218947274261e-1 -2.03844186421923396e-1 2.20271109670906268e-1 8.70589470819363442e-2 1.24942407548887147e0 -8.38159769518554976e-1 1.16736209867261542e0 4.08725067787968688e-1 -5.48154984549156093e-2 -1.69949605798110776e-1 7.00491723267832267e-1 3.61547404143301776e-1 7.34787693962947963e-1 6.58857172320895135e-1 1.06909159013705390e0 -3.85593700091474811e-1 -3.88610621641466480e-1 3.35952208635591887e-1 9.79182529523516143e-1 6.83398553602122649e-1 3.96246267010625264e-1 -7.88975433568457563e-1 7.18587466164785499e-2 -6.00993993953396144e-1 -3.34709083193366341e-1 1.06549271072527874e0 -6.73579321063102698e-1 3.37740840578957702e-1 2.74210596255684801e-2 -5.57683448223757816e-1 7.04199175553020529e-2 1.07017149222900565e-1 -3.55361497432027218e-1 -6.20304908207703898e-1 4.36022201043672619e-2 5.28059081069062075e-1 1.43657426534325144e-1 -2.43418979525505952e-1 -1.21592535954668990e0 -2.49335810625938070e-1 3.40391609560499686e-1 -9.95075312835412562e-2 -2.99612294164157134e-1 -1.35751601248193354e-1 2.95572611610653346e-1 -4.04353199368099547e-1 -2.74987176904748387e-1 -8.73727607152861019e-2 2.12812100886669631e-1 2.65472079940210604e-1 1.34230644099750940e-1 1.76169914244329068e-1 5.32823401195548052e-1 3.13422133483952925e-2 -1.07981750998188866e-1 -6.26371444473039052e-1 5.92098906280585369e-2 -7.66534082547568829e-1 -2.36109776089441781e-1 7.96109636854341329e-1 -7.14023474856838813e-1 1.13776592548545052e-1 -3.49081086085681822e-2 -5.44362279028677398e-1 1.17312621938311892e-1 3.24981597650180087e-1 7.34414008199987034e-1 7.43183123176560989e-1 8.31727841794189238e-1 -1.10109776282011490e-1 6.64055393502958502e-1 4.24000261013177837e-1 1.97919360595251059e-1 -6.14783227690179901e-2 1.13973587195654286e-1 1.62542814832332211e-1 3.68608090280499512e-1 1.91053617281301130e-1 8.23984158414070911e-1 -3.28060649483379652e-1 -1.01314501326229225e-1 2.59157396950816243e-1 5.33953867483360045e-1 2.91488184604270839e-1 4.01784491014007192e-2 -5.95135423292670884e-2 3.16313902289240279e-1 -1.16892943269706312e-1 -8.83579601504011491e-3 5.25560256612097043e-1 -8.56808581201712993e-1 -2.06008988378512045e-2 -1.43512272867156565e-1 -3.10515969840058081e-1 4.43469616379188025e-1 -4.05695218905216981e-1 -3.93300396954998077e-1 -5.83764686464596561e-1 -1.74336843578858813e-1 2.39404625952994665e-1 4.98874897381313853e-1 -2.98809891367181724e-1 -6.49797725068963272e-1 -3.02439267874652806e-1 1.18161491920761100e-1 -2.04829743319748458e-1 -7.69318425774061232e-2 -4.62200573933107123e-2 1.96637293041670824e-1 4.69930359023547350e-2 -6.02203936034691911e-1 -3.37989992458113897e-1 -1.69778023718382964e-1 7.81367102104738809e-1 -2.87155091695958209e-1 6.99635529704354386e-2 -1.57766331525618336e-1 -1.40319709337812071e-1 6.92523259176767297e-2 -7.68237254996765540e-1 4.96355219063421615e-1 -6.19633762981371738e-1 -1.57641066536302416e-1 3.09749944717025494e-1 -6.45339238796138193e-1 -3.59447900555597499e-1 1.17158719116936788e-1 -1.48057521827336183e-2 3.95109582579849239e-1 3.60109459875212756e-2 8.82821339006519823e-2 1.18021973267241465e0 7.54857644561023111e-1 2.12358374234642849e-1 5.93580039520024694e-1 4.05084203236219076e-1 3.52355547671025060e-1 3.86080862155437120e-4 1.34152794598532354e-1 1.44469853909285212e-1 9.94949427881126336e-2 5.98880153568673301e-2 6.56846824399287987e-1 -4.32376659273429886e-2 -6.81946005066443733e-2 -1.53819995136119630e-1 2.74974180029190052e-1 -8.29818682956200565e-2 -8.11331309954305135e-2 -1.05351721439667367e-1 2.28355472883095573e-1 1.56792440661367050e-1 1.13666526530640632e-1 1.04411512294157127e-1 -4.43237851405517969e-1 -1.91706741682935194e-1 2.32137710765264182e-1 -9.25412962081437196e-2 2.44787297276798738e-1 -4.26398356420425229e-1 -6.09498466672500072e-2 -3.98970356897766110e-1 -2.39532431103016252e-1 -6.22067650939920475e-4 1.83283701519517450e-1 -1.72519410692804215e-1 -3.48947711081820988e-1 -4.07256610027325439e-1 2.41300789487015693e-1 5.39566121468148391e-3 1.81272252038747722e-1 -1.50162417861541997e-1 6.14967616253143251e-2 4.49643822154830938e-2 -5.46344434380138133e-1 -3.25148566966886710e-1 -3.74830320121144145e-1 2.26627502556585508e-1 -4.20153530835102318e-1 1.67494930333559278e-1 2.55727893661137462e-1 -2.77585884206105082e-1 2.38027896350677115e-1 -4.11597961006766710e-1 5.00932094397765981e-1 -2.69878470456047737e-1 3.66965629453602227e-1 3.49526642828119682e-1 -5.93453639408490496e-1 -2.70123255850547028e-1 2.17673970398232525e-1 5.48397193875307040e-2 1.59004269995164066e-1 3.88238144036407024e-2 1.03871480307631534e-1 7.91007577423324504e-1 3.91745201495050432e-1 5.81559926106103631e-1 6.18555698524089759e-1 2.96951300012472053e-1 1.17069876906833958e-1 -2.74036296484009290e-1 6.57822067202219751e-2 -2.41603295389351928e-2 2.99646062383205125e-1 5.25316795774878470e-2 6.34652950403909566e-1 -4.15191151826383581e-2 -4.67399112210648421e-2 1.76471735012009544e-2 1.64936926176312171e-1 1.02872332531907668e-1 4.05676207750064934e-3 2.39404974527555575e-1 1.32188513394896567e-1 3.45352691700358816e-1 2.73498132867340038e-1 1.22763645028127130e-1 -5.56230247482884188e-1 -3.28280765619684778e-1 2.18432697619154542e-1 -1.10889550190713337e-1 3.90423330245411648e-1 -4.49461647146091603e-1 1.37076888283911902e-1 -4.27630618470107970e-1 -7.11507588026871335e-2 3.42384661808471380e-2 1.07083117081990531e-1 -3.47976519949686813e-1 -2.45004417282190690e-1 -1.07144105923007826e-1 3.60880888664367294e-1 -2.22370701427727691e-1 1.34614932091013367e-2 1.47874453758153213e-2 4.47495401890586120e-1 1.31436734390245780e-1 -2.42973210134876272e-1 -1.70604841593618217e-1 -3.07912922187751903e-1 1.71864607791896523e-1 -2.68635147261864715e-1 -1.05220847336427240e-2 -1.37302338473717957e-2 -2.08391020698275753e-1 3.71080651457084187e-1 -1.42787800031674794e-1 3.93002541193815891e-1 -1.90768616812042907e-1 9.70828439892794937e-2 1.29629494079472385e-1 -5.08279620186078085e-1 -1.40757449682424846e-1 3.10984248185450840e-1 2.10158266834604597e-2 1.39242029239426302e-1 -1.33595610090515710e-1 1.00024121117985847e-2 5.68205680490347587e-1 1.96299694100393801e-1 4.33527148979627408e-1 6.60273644524938086e-1 3.82883617100884921e-1 2.47696723184176515e-1 -1.63916724334861680e-1 1.74153004984067827e-2 -2.27357399285315065e-1 -5.14238151250746844e-3 1.98386796921633635e-1 6.42373130223118816e-1 -1.91246963633418171e-1 -3.46138585974572477e-1 -5.26105766757069687e-2 3.79180758534808093e-2 -8.36837042213656596e-2 6.52698904760335291e-2 9.50515738188355969e-2 2.09216559436138372e-1 5.10787805336308520e-1 3.55970463545022819e-1 6.37670221076553356e-2 -5.19312974766978019e-1 -1.92798661613779371e-1 5.96382227447276758e-1 1.61934554010972953e-1 1.80576087050173806e-1 -4.43982133147302116e-1 3.46355684189494140e-1 -2.70095296359044890e-1 -2.98146430319463862e-1 -1.25794121514208518e-1 4.24232592965465699e-2 -6.65572914623977357e-2 1.45416396452913155e-3 -5.09062216629273312e-1 4.59192171438960184e-2 8.37947903317271155e-3 5.78146646093237876e-2 -1.62517267864010218e-1 3.10543610541517690e-1 1.75807531566589070e-1 -4.12723795212870948e-1 -2.06154140606753550e-1 -1.44732810848636262e-1 7.65049768459227092e-2 -3.34431953778336760e-2 1.12861525060807183e-1 2.94581678377520861e-1 -1.42783169078321365e-1 1.85932356702162904e-1 -2.08948452399481607e-2 9.24307036402620408e-2 -2.45375193820722703e-1 3.71289861330707460e-1 4.77666609178246548e-1 -2.83145354583514697e-1 -4.47156089277442673e-3 1.76318414809528951e-1 1.50172734552436404e-1 2.28416642674964046e-2 2.06473674836301996e-1 3.69425575296938091e-1 5.77173866519420264e-1 3.88130809035194646e-1 2.80190289878927745e-1 5.45952125230127483e-1 3.35903603040537735e-1 2.87872357853611704e-1 -1.10307012291275361e-1 1.96163913273346563e-1 -1.35784954455812901e-2 -1.67175580364168908e-2 1.40356498612328906e-1 4.02658317855363712e-1 6.44278129947942063e-2 -3.64591962333171316e-1 -2.65549519514918120e-1 9.35492218599864346e-3 7.99178877088977946e-2 -1.81707292657136033e-1 -9.49870052251158975e-2 2.07096545731000836e-1 2.45276226882039483e-1 5.24324409708183808e-2 -1.96610599799667801e-1 -3.05320092423188250e-1 -1.96705194666291633e-1 3.15118683313062642e-1 3.20657071905234847e-2 7.27574504751993083e-3 -2.35833095239268486e-1 1.38033826493505346e-1 -3.52861498269816998e-1 -3.06388060793271744e-1 -3.67545801851424797e-2 3.87776843243610655e-2 -4.87733642181751165e-2 -2.29754447766761238e-1 -4.03817173118534101e-1 -2.24904047742323643e-2 1.79374340673729593e-1 1.61821049527335947e-1 -2.20018896636898331e-1 4.66631435576873588e-2 2.05833052043308790e-1 -3.14290774610624712e-1 -2.28207389825542201e-1 -1.53022221998459190e-1 2.13400679689618344e-1 -1.30148523226548574e-1 2.21513881844495775e-1 1.69417262251923689e-1 -3.40424252220061438e-2 3.79351058140637132e-1 -5.81806822428566975e-2 1.44621236663287439e-1 -7.42848042662356406e-2 2.80808047462294263e-1 3.76494264149340285e-1 -1.85757355309199290e-1 1.89953540986280311e-1 2.13223586012213723e-1 2.55192756088722036e-2 -1.03296909220788255e-1 1.66529104248643936e-2 7.30029915124344730e-2 3.96213689016085613e-1 1.63381907552837380e-1 3.40481787397672320e-1 3.28681169770108916e-1 3.43386775090986640e-1 2.48541928836611858e-1 -3.02124553323078859e-1 -2.87902704686540233e-3 1.91260060897832859e-2 1.02511819554698347e-1 1.69121072907872899e-1 2.06561986721067598e-1 5.53572549131255698e-2 -2.05830465448883670e-1 -2.16076520816612522e-1 -9.80101130341642784e-2 9.12962518435509462e-2 -2.19820019337474887e-1 -5.69089825985161710e-2 1.22803927762465348e-1 1.87681047440258680e-1 1.52242394566177414e-1 -7.22614060084802168e-2 -3.42007097449037401e-1 -9.76766584328764426e-2 2.82852992231949762e-1 -4.04012580485281700e-2 1.15800161544407962e-1 -2.48783985809660005e-2 3.40689578273232069e-2 -3.35499150725923900e-1 -2.39177491245993107e-1 5.28503921298974638e-2 1.46414577679708863e-1 -2.53402349211731132e-2 -1.99147200441140870e-1 -3.03261073212699905e-1 -1.09085503154549880e-3 2.45917324656837827e-1 2.51783826266984090e-1 -2.53797210597321743e-1 2.17329958798064132e-2 2.15602314292948682e-1 -4.56889584901662149e-1 -2.82508661636208525e-1 4.70416586711431411e-2 1.68814982508745742e-1 1.11788459263845452e-2 3.89923164957498125e-1 -9.60925890373215408e-3 -1.70499511837440776e-1 2.21469728897001422e-1 -6.32005686516567272e-2 -4.64067028629903122e-2 -1.16876372979374726e-1 1.03519393408943033e-1 4.20168651085237155e-1 -1.15538548728667867e-1 2.30049323791561122e-1 9.02793472403596101e-3 5.09979025304793873e-2 7.39225964311226585e-2 9.99872509726372344e-2 1.12730002041140559e-1 5.06325889221077019e-1 2.04344245746931219e-1 2.03642357914477545e-1 2.79783931438773115e-1 3.32572356053050466e-1 2.47716587898329260e-1 -3.62018510029092189e-1 -3.31213656830658190e-2 -1.85632053416612264e-3 1.34763421975520048e-1 2.69367993829658092e-1 2.28472901251097121e-1 -1.17357983413261341e-1 -3.20829296395982011e-1 -1.55316414189149987e-1 -8.17904175750083645e-2 1.31003033638169564e-1 -8.06712809992028018e-2 1.05089176605270410e-1 -4.20433397502461940e-3 8.76307980442939116e-2 -4.28717888587153012e-2 -1.23074963387472230e-1 -4.09352109084818616e-1 -1.22484547034321101e-1 1.97891802757384633e-1 5.04771397696815866e-2 -6.41094889063814760e-2 -1.55611856123653802e-1 -4.56471909440015894e-2 -3.15663463037056891e-1 -8.61830976013495953e-2 -1.40984036124615214e-2 1.81823469586112965e-2 -4.28686005755471791e-4 -2.52496494096496771e-1 -2.96307586979299764e-1 -9.19936425133932728e-2 2.07213890041786031e-1 3.11958276512446231e-1 -1.95025189445351771e-1 -3.43652616160936494e-2 2.91770323185804703e-1 -3.67975815928619110e-1 -1.43579754563172263e-1 1.35794064740594189e-1 1.58657129157156573e-1 -8.87883944592874341e-2 4.18962494682283360e-1 -3.87886414137195920e-2 9.15401562648432768e-3 1.12267392255074955e-1 4.84277451666909262e-2 -1.73825875712792233e-1 -1.33841079472168417e-1 1.31422312396873436e-2 1.56997357929347464e-1 -1.25025875038498824e-1 7.92232442067586917e-2 -1.18968962594522734e-1 8.19453718103455159e-2 8.54854202092254628e-2 1.97907391045124004e-5 1.17082492738049021e-1 4.07554499816713212e-1 2.93593151065858482e-1 -3.91837553752960865e-2 8.38428157264457796e-2 3.55939208769075699e-1 1.42704169781942530e-1 -2.58469548412243233e-1 -1.18580619137868930e-2 9.88504739534371013e-2 7.55407522187063474e-2 1.72576512858373998e-1 1.75902855129942637e-1 3.35863702814229587e-2 -2.07242351267627023e-1 -2.39694516456376322e-1 -1.10342047254364493e-2 2.67149821941783494e-1 -1.13062692413031893e-1 -7.04924402233295805e-2 -5.16136851823607370e-2 1.17407730516884481e-1 1.35242878156365057e-2 -6.46943085260551221e-3 -1.36784502263582297e-1 -9.20254729798316157e-2 1.04772339309246940e-1 -3.21572647170999190e-2 -6.69986931800578417e-2 -4.73421651735991614e-2 -4.02661690989361415e-2 -2.44576849324665530e-1 -1.35079439161608250e-1 4.53888724140455793e-3 -9.93402133488796441e-2 -2.49992619508319150e-2 -3.06180622536512737e-1 -3.84182041263765039e-2 5.64980288116103818e-2 2.36326085257434759e-1 2.12887993137528375e-1 -5.40645548507619339e-2 -1.16097206288888713e-1 2.09398857447166881e-1 -2.81983769646339810e-1 -2.86897496305744348e-1 4.82858029836704949e-2 3.03489016460767175e-2 1.34496546981808518e-1 2.80103320031377112e-1 -1.55435818782036356e-1 -7.84434249852932197e-2 8.89128745148833333e-2 -3.02081566770752647e-3 3.45024222669507302e-2 -5.44740118289855843e-2 2.12953701297558806e-1 2.49153514113212793e-1 -9.52932651046679846e-2 -3.09778872625142421e-4 -1.44818640095488227e-1 -6.20158770735197845e-2 1.58591769426006585e-1 4.97572451766825630e-3 2.64204577739877468e-3 3.57717806447422682e-1 1.98618659768664385e-1 4.17576632191777736e-2 8.02522247521307991e-2 5.55279042031863845e-1 3.65199431993689316e-1 -3.25428271010593184e-1 2.84217136879143017e-1 1.30573735200080837e-1 1.49737670762034092e-1 1.29387085693945053e-1 1.54819257524098836e-1 -9.75735602320482176e-2 -3.45300901731100840e-1 -2.77577799394433611e-1 -1.32068530101863979e-1 3.74230922536011701e-1 -1.91392036688990907e-1 -2.97620624498821894e-2 1.82539374494779721e-1 -5.18189744257651491e-2 -7.19746937379530799e-2 -1.79380377402472146e-1 -3.74174442886919367e-1 -9.29108940911892445e-2 -9.75297412795436969e-2 -1.63424417534870810e-2 3.35456265523576408e-2 -1.86601747846143640e-1 -2.58741012935807702e-1 -5.06306233698245567e-1 -1.14348807510861641e-1 8.53349391197294749e-2 6.43043957728577364e-2 1.20315804783924424e-1 -6.03641035654870706e-1 -3.16079244034514151e-1 -1.42577357134258564e-1 2.75535293335409714e-1 1.72585733911523626e-1 -2.64467275021519566e-1 -8.79544316505830315e-2 3.82716377858078605e-1 -3.51255417088465249e-1 -2.42510988701347963e-1 -1.01249372185100300e-1 3.75487150510763590e-1 -8.70623292394113873e-2 4.39315608097368027e-1 -1.00960886119348670e-1 8.95989644987997269e-2 4.55231173098648856e-1 -2.22160754257880316e-2 1.04645800081540966e-1 -1.54548997337953270e-1 -7.20587385407263359e-2 1.71791039717783700e-1 -1.42264631530241797e-1 2.38230280991023891e-1 1.57442010157680251e-2 2.05817013877221920e-2 6.74338791633442430e-2 -2.98279591075072403e-1 -1.49006256483729289e-2 4.36385148433058645e-1 1.64235145755216222e-1 -1.48686815371956993e-2 1.99381220193384279e-1 2.42441243795355893e-1 1.49342255690273429e-1 -2.39515352091556971e-1 1.05063725332041530e-1 8.71672156440679580e-2 1.31615688636455119e-1 1.35030428185200974e-1 1.39019247780266031e-1 4.31318162176851580e-2 -1.99247464198020363e-1 -2.08101034163558907e-1 -1.18257368307759611e-1 2.79414163410323713e-1 -2.85641879819220484e-2 -2.36169036022709188e-2 4.77810280150124805e-2 1.06080959366215907e-1 -7.33225264867062576e-2 -7.23180553646772251e-2 -1.38558753066599011e-1 -5.41502122566080574e-2 2.32350928191698662e-2 -1.50691531493382713e-1 -9.25336090440678077e-2 -9.60573641007486309e-3 1.98281980733873570e-2 -3.05320802587581430e-1 9.36142145535971346e-3 -1.01824136215556679e-1 -6.75865234895741962e-2 -5.85801373478574139e-2 -2.93359572732728058e-1 3.89385422903390510e-2 2.23145643546803080e-2 1.60849561337081753e-1 2.57088771206423261e-1 -8.87240443291135022e-2 -3.33887489908500090e-2 2.92270359639455468e-1 -2.04854561452401301e-1 -1.14064333633224921e-1 -5.80323140306495816e-2 1.87146398233030059e-1 3.27883866317600081e-2 2.50165169313295688e-1 -1.48757452266590040e-1 -2.60700661327675706e-2 1.11422967593754779e-1 5.70563165753711007e-2 4.84464201915111026e-2 4.51959703367487073e-2 1.27225933046616835e-1 1.05200109625761054e-1 -1.43872358116892557e-1 1.14635949007024771e-1 -1.21421832119591983e-1 3.53470853670524443e-2 1.20804492494610366e-1 3.09367258785163968e-2 -8.45292529217059330e-2 3.09416955801352977e-1 1.80888920289509064e-1 1.99428166746135199e-2 5.06200953527014968e-2 2.51872897786764194e-1 1.20812513080829381e-1 -3.08468458000974999e-1 1.05898979598497853e-1 1.12090764708089402e-1 9.53798965528663764e-3 8.23477931087184811e-2 1.17390098852327207e-1 1.65387400802771874e-2 -1.92663148490445774e-1 -1.91675465045521159e-1 -9.47088726268506681e-2 2.08360082969218846e-1 8.33806766083154405e-2 1.10493894449250327e-1 -1.30653679780594750e-1 5.10558071811893603e-3 -4.70480392592444729e-2 2.53175053423622259e-2 -1.96357054921602270e-1 -8.45538260504460348e-2 1.87321446253472905e-2 -3.77051030567764622e-2 -1.47611370717832674e-1 -1.18158927847001438e-1 -5.81010729953592500e-2 -8.52918430788891235e-2 6.02499902821766048e-3 -9.94393962461546238e-2 -6.09130653975374081e-2 7.40076248136295745e-2 -1.31497710822462310e-1 -8.29957503008710296e-3 -1.15217927542942342e-1 1.65126438591996660e-1 3.21777471935644543e-1 -4.77610763098118840e-2 -4.60264784118394610e-2 2.61094525371158404e-1 -2.35932744149578627e-1 -5.47245769997227113e-2 2.47806700664737756e-2 3.16736849244684468e-2 1.41960834120574614e-1 3.19938671691007925e-1 -1.38620602064082887e-1 -5.71680630680794014e-2 7.05209493267114872e-3 7.04497309097183583e-2 -2.32032826090765136e-2 -1.94917483224761809e-2 1.29315919333638646e-1 1.94020010965128886e-1 -1.09769515957848077e-1 9.47195061692646112e-2 -1.59248634618855689e-1 -6.08319462876423661e-2 1.05479559411877546e-1 5.70250030212598666e-2 5.11852028366418313e-2 3.86572121880822406e-1 2.86866790417612649e-1 -1.33391929978065205e-1 -1.85438598358485182e-2 2.32577902198298769e-1 1.40161835110381272e-1 -3.57049119910919865e-1 1.31522029151902115e-1 6.91854790082807453e-2 2.29503854591871850e-2 -5.89958022828877410e-2 1.11208474925768019e-1 4.69702638489885860e-2 -1.30728064410126105e-1 -2.05995450379151318e-1 -1.05541337302824792e-1 3.20172574800476839e-1 6.34585821029556990e-2 3.89051706949574694e-2 -2.86857366202405428e-2 6.67696718600235550e-2 -8.35950418633879255e-2 -1.22438975097008754e-2 -2.35167719897135613e-1 -6.80022941803393594e-2 1.27109179707006678e-2 -1.99637633157342315e-1 -1.11578441884282800e-1 -2.71642027454310556e-2 -2.83989677666549277e-2 -2.04582640151701300e-1 -6.63185403798834949e-2 -6.86905113606554457e-2 -4.21031219730338205e-2 2.51855980250880462e-2 -2.28268531758066745e-1 3.60504216000552408e-2 -8.72690718360508155e-3 1.51582404462721754e-1 2.43259128466173730e-1 -1.27170009042158166e-1 -3.34290727513225500e-2 3.11027068554477149e-1 -8.30871591551592820e-2 -1.09480131566952577e-1 2.08895992939720568e-2 2.08664845082414729e-1 1.54650881858293565e-1 3.21566992902977966e-1 -2.35458882512280143e-1 -1.58000745065931619e-1 9.73998926264255938e-2 6.99294386136756208e-2 5.51734076890767443e-3 6.54379568634405467e-2 3.41204727018657589e-2 1.60539904746415774e-1 -1.19409782050076997e-2 1.24530271314933244e-1 -1.03948116969400262e-1 4.45006527558850645e-2 1.14865258403101828e-1 1.24312105939005588e-2 9.72241025474408771e-3 3.74878589659453865e-1 2.16993986319505949e-1 1.31020266364262616e-2 4.02300061141916340e-2 1.94619056081647257e-1 1.30013106890368962e-1 -3.41860857267554219e-1 1.51818722024635894e-1 4.48329548425366806e-2 4.56700472621462961e-2 -1.68797407684753376e-1 7.39762514481538680e-3 7.41940576874575153e-3 -5.54340657708951925e-2 -2.08209906391352700e-1 -1.12133597786684525e-1 3.07726288854455576e-1 1.02357220261961743e-1 4.57512312796953258e-2 4.42402901935149973e-2 8.97077276292755355e-2 -5.83783352574701181e-2 -5.72727844501940003e-2 -1.91476968711243090e-1 -1.09919583823124431e-1 -5.97141257798198405e-3 -2.50998167496427449e-1 -8.30213317881608737e-2 1.07805987760977315e-1 -2.73945138992262617e-2 -3.12845313071164532e-1 -3.16397198151675968e-2 -4.15561843562670882e-2 1.77921515178150955e-2 4.63970112129562517e-2 -2.62343140972167488e-1 8.14279396676988593e-2 1.40659650860229940e-1 7.69149573287337407e-2 1.71418404695226345e-1 -1.38233819061127555e-1 -6.23796544619758253e-2 2.65228062662057451e-1 -8.37729295900028065e-2 -1.93284686460255317e-1 -9.94859503753370011e-2 1.54883883701718850e-1 1.87102091662371794e-1 2.77754359511738935e-1 -2.78457013481476112e-1 -1.53005803237790977e-1 1.42249080563742303e-1 3.30779082946672173e-2 5.67867974622465535e-2 8.36572472803865930e-2 3.45177579188231665e-2 1.06638167450257795e-1 1.11067875295821940e-2 9.35484131229228077e-2 -1.47285015365728578e-1 5.81164850076433953e-2 1.35280957291784715e-1 -7.04698960431225929e-2 -4.09119531360792113e-2 3.78481018996175256e-1 1.68428742520476821e-1 7.54609632115867124e-2 2.29384576209461406e-2 1.62363952003919898e-1 1.80048198439054313e-1 -2.65120006163757027e-1 8.44318965950016653e-2 6.01691052638598511e-2 1.65834687612525289e-1 6.71105150738969883e-4 1.36979899857525705e-1 1.01842260313109029e-1 -1.57845688175863613e-1 -1.37060264400996334e-1 -3.48209071344946011e-2 3.23403644654443767e-1 9.98329578867436368e-2 -2.27374734996177025e-2 1.16247153616364576e-1 1.11242734668444435e-1 -1.47478108916080791e-1 -5.62614926200612625e-2 -1.40438649362693957e-1 -4.56840387313446894e-2 -3.53434595792389283e-2 -2.33475521596207630e-1 -9.46843906261321255e-2 -1.12316758971827552e-2 -6.18048665264163896e-2 -2.79000917044704977e-1 2.75432437164216913e-2 -1.23736032493604681e-1 -5.21273386449438159e-2 1.24587089768920019e-2 -3.36402656561985258e-1 1.25722627794145947e-1 3.84182040901185629e-2 1.42425978099583461e-1 1.77258857452866792e-1 -1.67474428423645572e-1 -6.76755768401450936e-2 3.40757677664956293e-1 5.39739595472561104e-2 -1.82623400200366381e-1 -3.02339447635250162e-2 2.49537706349568844e-1 5.53656843837505436e-2 2.47204549009376051e-1 -2.10738981755380139e-1 -1.07131068755926720e-1 6.48813916830062315e-2 -3.56647356085107933e-2 1.40318592919364993e-1 1.03614797649776033e-1 -3.24829083061402638e-3 6.93204001934086544e-2 -4.24872755879691019e-2 8.03423315826434781e-2 -1.33134346346529597e-1 3.22454436372952152e-3 1.63453663367960689e-1 1.90502566624340397e-2 3.10303442003435417e-2 2.12776614883525728e-1 4.51459070073465460e-2 7.02129780042798773e-2 -1.38765862454614877e-2 7.12615163722115780e-2 1.05324643809822538e-1 -2.59184523715705939e-1 -4.49486723264000132e-2 1.00105777525194381e-1 1.73994020356788626e-1 4.54752033115573273e-2 8.98507778690564585e-2 1.62477890893698962e-1 -2.02622473582138168e-1 -9.68228180211774120e-2 -3.71646353469962457e-2 2.77429061127958121e-1 8.56734366333940234e-5 -6.30545504903880505e-2 -3.26082828843824585e-2 1.30670085987890289e-1 -5.07656507600130827e-2 -8.26285483467608349e-3 1.13105743238748127e-2 -7.71126111555128779e-2 4.11590947831580733e-2 -2.00922213250718823e-1 -1.84945666814324387e-2 -6.23347863630590582e-2 -2.63525767032452007e-3 -1.69015036260225127e-1 -2.11339868859018246e-2 -7.92078610146416118e-2 -8.13898205926195245e-2 -3.33340826947220378e-2 -2.38935402926279100e-1 4.60111569729757322e-2 -5.91357859832970512e-2 1.25502980717335844e-1 1.17321864668869777e-1 -5.75543839149503383e-2 -8.24920371353433379e-2 1.94850341167883800e-1 7.44214223086036575e-2 -1.16019827839823841e-1 -8.92172650616233909e-3 2.15776686208225515e-1 4.75235810929738878e-2 2.15505649989773035e-1 -2.07893672170081423e-1 -1.43736638294795688e-1 6.09118531762277149e-2 -3.87572870233189037e-2 1.03844333358535712e-1 3.11570812654581066e-2 7.50449039068935980e-2 1.03217156207189048e-1 -6.76182599724119288e-2 8.90043220271721641e-2 -8.02026665088858420e-3 5.12423761743401596e-2 1.07530305910616200e-2 1.06744587610208934e-2 -2.39803708382353986e-2 1.09363220173848641e-1 2.08128469088571383e-2 -3.63618859255147378e-2 3.57762354492983242e-2 1.68589566357693843e-1 1.12388021589601775e-1 -1.39698991010058365e-1 2.72145838328326020e-2 8.88254835906905627e-2 1.29189683567357300e-1 5.11896526919685055e-2 6.24901570451615943e-2 1.68927235464608527e-1 -2.65757783991162899e-1 -1.41800659332332823e-1 -1.25497884884677655e-2 3.84562155382664805e-1 -1.89744761491583043e-2 -5.25178815681913505e-2 -9.37976641379699612e-3 1.79812304795274797e-1 -9.67319638443714935e-2 3.63998792540065688e-2 -6.12607187048651580e-2 -1.63788965797080521e-1 2.54401712381633616e-2 -1.62316579543161532e-1 8.29972249967800280e-2 3.66738021858075969e-2 1.67867570434609079e-2 -2.50411465304502812e-1 3.07519152527488369e-2 -8.68883558427857028e-2 -1.30305061112521492e-1 -4.60233122547461307e-2 -2.54834456425523270e-1 1.41872417590171718e-1 4.17023964239248562e-2 1.39117395068782762e-1 2.00744667774144514e-1 -5.46738777338307974e-2 -5.38919831554997147e-2 2.24268323310909873e-1 7.17412973300079054e-2 -1.73535925135749058e-1 3.74332024516221343e-2 2.42709027133170996e-1 1.46612930476759412e-1 1.83298924906812488e-1 -2.23385390391579897e-1 -4.49418214700590402e-2 1.73028478942904226e-2 -5.99702403283738500e-2 1.91461268334793377e-1 9.82541750429017091e-2 5.55558041760520621e-2 1.67802939133949114e-1 -3.49620565602095437e-2 2.55319710034989655e-2 -2.02294979506997208e-1 4.24558877202230942e-2 1.02494379330455604e-1 9.71533134632204115e-2 -8.30384934125671659e-2 2.21464745608457442e-1 9.81866389857863620e-2 9.75933231564785342e-2 7.85232744664348921e-4 1.32518777234673979e-1 1.29544094021396800e-1 -1.00615614172949897e-1 -1.87966048753729527e-2 2.93606671169165806e-2 6.62550447361839601e-2 7.28353978079333136e-3 7.90251501111064458e-2 1.15332126684201924e-1 -1.83581853496659703e-1 -8.77895541701336490e-2 -3.70261481239219717e-2 2.51214615970270838e-1 -2.40452066003915728e-3 -6.69551284571604649e-2 1.15573421608343805e-2 1.21071250103353539e-1 -2.07720194333206376e-1 -2.48154647719447258e-3 -7.17515915406028854e-2 -3.75418877449312655e-2 3.19928472379759007e-2 -1.11748475132479014e-1 -3.21892038525197627e-2 -2.42463239782436529e-2 5.17676966053900595e-2 -2.05061501434877391e-1 -2.91366506611920630e-2 -1.48129295357761981e-1 -1.21622134032670776e-1 -1.02014968297364922e-2 -2.26220170716094210e-1 8.82727546501879123e-2 -2.82516115488960530e-2 6.99971360472774751e-2 7.38386490261707940e-2 1.42688877125446874e-2 -1.02125674989036117e-2 1.80104514734063470e-1 5.15193420213978792e-2 -1.09489134409776978e-1 -3.98140469953339182e-2 2.08593817791972891e-1 7.61325199234521022e-2 8.61637731337877716e-2 -1.78863799157456760e-1 1.72542371121311988e-4 6.83715551043833913e-2 1.51491742224699414e-2 9.96007034868070379e-2 5.22411385085875743e-2 -2.91123895863523822e-2 9.65737099942334670e-2 -5.21815957505784855e-4 -1.43471861119412111e-2 -8.13701006169545576e-2 3.20014168405319752e-2 1.13830920291458554e-1 -8.19354577026587538e-7 -5.71956733628022351e-2 1.19521393158219233e-1 1.17646951385927123e-1 3.84186830138658203e-2 -2.32927930936852219e-2 1.60217949548625782e-1 1.29022178474569538e-1 -1.61726327690680134e-2 6.75052110141828726e-2 4.50285035355059496e-2 2.62931282618464636e-2 4.85220747329511704e-2 9.08412382986607675e-2 8.38633777757755577e-2 -1.36165299322292849e-1 -9.37714457950456493e-2 -3.66962273179053666e-2 2.47073049899945024e-1 -5.11509830258049039e-2 -9.55250435347020643e-2 5.30087454829101315e-2 1.28776257746270495e-1 -1.92068438158967708e-1 8.83755956259758280e-2 -1.21429514837337577e-1 -6.18023587776453248e-2 -1.21988079646596498e-2 -7.08731616584418050e-2 -2.66535033290251529e-2 -1.72828757648007397e-3 7.10417477734495428e-2 -1.75729017061637405e-1 -1.55986713520547479e-3 -1.13328344287314198e-1 -1.58035178336323107e-1 -3.66951074202224448e-2 -2.10892341614822787e-1 1.30193889762020842e-1 -1.93022002875178691e-2 8.54653155790741914e-2 1.35374415019964861e-1 -4.45879448312625493e-2 2.83043573431925669e-2 2.43804627829463189e-1 3.42466979483708259e-2 -6.03252020006735667e-2 -1.00494370220890403e-2 2.34272972800048523e-1 9.65748621385392469e-2 1.07238305062880179e-1 -1.09807251352012497e-1 -9.80611257410862053e-3 5.80531195185226417e-2 1.63454138893288532e-2 1.01043599981885779e-1 1.67623507274366451e-1 -5.70206423192292644e-2 1.13160650690888931e-1 2.91862439856877681e-2 -2.50552964832961994e-2 -1.33252052739909893e-1 -1.94874557655292900e-2 1.08549852982333592e-1 8.94999972078221601e-2 -7.24342708869011587e-2 1.79174775500605704e-1 1.27397182973064599e-1 9.61083627906551136e-2 3.13677777789239526e-2 2.03765292113809171e-2 1.30780438456746417e-1 -9.21286898471829346e-2 -8.15302024260996551e-3 6.67817542389701480e-2 3.65574607081235042e-2 6.52004701332971337e-2 5.99471057299658452e-2 1.40822583644859611e-1 -9.60558016725575198e-2 -3.69749809205883809e-2 2.81316251142702256e-2 2.26813613051767227e-1 -1.78780289880972887e-2 -4.45497194049707113e-2 4.78068315580644707e-2 1.06299906886504938e-1 -1.89439651279485671e-1 4.59999511887908205e-2 -8.09201554094574615e-2 -4.05387077807975796e-3 -3.93774633236262661e-2 -8.39561765432492446e-2 -9.97147154579034259e-3 -1.27525927585322579e-2 1.03131330556416288e-2 -7.26033801127998202e-2 3.55646660276426885e-2 -5.81477555403032004e-2 -1.02999798712653190e-1 2.30314688993830605e-3 -2.08785849473386298e-1 1.02171338968164507e-1 -4.68619075800130111e-2 5.21826613268924142e-2 8.01488473115799793e-2 -7.23738725130831373e-2 -8.21125716092203639e-2 1.74304749121818259e-1 1.12218780754671302e-1 -1.40259879680073918e-1 -5.00137556923810345e-4 1.57488730369782920e-1 4.75530384842886844e-2 9.26179992752387687e-2 -1.69789452790525042e-1 -5.18345305668114487e-2 4.46367098684724434e-2 8.01969582586529832e-4 1.03776335204374681e-1 1.03855005350879478e-1 -3.25675067615208425e-2 6.97953595053777825e-2 -9.19653856490678379e-2 -5.27387056263458470e-3 -4.09875217197982547e-2 -1.15254299054690992e-2 7.58139570346417352e-4 3.58341611594717516e-2 -7.79699889536802637e-2 5.26016793895810603e-2 6.34316752811511647e-2 2.71435216772094347e-2 7.74841894558483263e-3 5.14249398810402436e-2 1.02524627134758489e-1 -9.32634408542829113e-2 2.80370033823430578e-2 4.81367291724525415e-2 2.85690402566885285e-3 7.73918188509969546e-2 7.76099632965088493e-2 1.00179885916651612e-1 -6.81489393701326801e-2 -6.77812061634215368e-2 2.07129561013726128e-2 1.90355120417219414e-1 -1.69084197258509462e-2 -4.87634548898078155e-2 6.74525109547955415e-2 3.21085291222730496e-2 -1.41738901968868597e-1 6.74839329923530851e-2 -8.57687172849441182e-2 2.34568300554577544e-2 -6.83822434098893817e-2 -7.79054316338393116e-2 -1.57121253639394554e-2 -1.43198928440325165e-2 9.24161713936326977e-3 -7.09639445836316857e-2 3.58102573761349963e-5 -4.51210688990749398e-2 -1.04769127537659240e-1 -3.02354599317405451e-2 -1.55354986038392567e-1 1.23282048368207636e-1 -4.60045237802202620e-2 3.55973276906841052e-2 6.01176128242086466e-2 -5.86105451675888178e-2 -1.27402961043304487e-2 1.79902891785478747e-1 7.71075024456727987e-2 -1.04015681692168002e-1 -1.34803764772562229e-2 1.79356593203628040e-1 1.24081995970115842e-2 4.59093291741165532e-2 -1.05494418867911346e-1 -4.90124956625049846e-2 3.14352474531007231e-2 2.01290418375964404e-2 7.21958659135659570e-2 1.37667569956699931e-1 -7.17937003713835786e-2 2.41733915073043572e-2 -4.41352026682221357e-2 1.30645583342299271e-2 -1.98343365996307766e-2 -3.93693326130191978e-2 3.86238010009251412e-2 4.64965781621484928e-2 -5.27334190079869758e-2 7.30520668891116304e-2 4.10838807573568610e-2 1.71257287154078161e-2 3.35925782434274983e-2 7.34631085099538145e-2 4.21342057927044170e-2 -1.09422877712685357e-1 3.43572779553308824e-2 -3.17273833996376819e-2 3.24531452815800675e-2 6.10930351719335962e-2 8.49378930242182528e-2 2.49550027706703474e-2 -1.03533463518229160e-1 -4.02164896302028285e-2 1.62517315233978651e-2 1.83460905591840362e-1 3.70419117493486286e-2 -3.18524630918866139e-2 2.98411284003658982e-2 4.00556612847593752e-2 -1.53077620090294436e-1 -1.65792468197374157e-2 -1.24915297187985649e-1 2.48992022942102660e-2 -2.61314127404436644e-2 -7.35507622212304424e-2 -5.00959736913654877e-2 9.04067710618228909e-4 6.43336010470997588e-2 -1.40378969125944331e-1 -1.17807087396434550e-2 -5.16267308220446225e-2 -8.72813050882118163e-2 -3.08334459549579470e-2 -1.51446504396152981e-1 7.70987971295157004e-2 -9.01614997060338347e-3 -4.64892824628450677e-3 3.05787948327824188e-2 -6.44830815637044974e-2 5.65636339473209182e-2 2.07499201329160332e-1 6.64357462187498277e-2 -9.12643907747021643e-2 8.60735210223825820e-4 2.02903040846781235e-1 -8.78565786420087633e-3 6.04293098644644658e-2 -9.29647389754067882e-2 -5.42977474116503045e-3 2.54627424856502978e-2 1.24924830610454278e-2 -4.96115545303602197e-3 8.81978247975706009e-2 -1.15301585007456339e-1 -4.22998019834245620e-2 -1.30951534919326578e-2 4.92952165397570960e-3 -6.51886704145883816e-2 2.30813776172499423e-2 1.20903745106384047e-1 2.16827651620857022e-2 -1.86022341887660224e-2 1.41240726928527960e-1 7.99546909050376231e-2 1.19213190506083748e-2 8.49303477911868623e-3 4.51440330603888884e-2 1.90787460074499579e-2 -1.07901255739694182e-1 1.21313111208337914e-2 -1.45035190139479464e-2 2.09540022045653154e-2 2.32578346919601261e-2 3.49793700953240569e-2 2.60582191591617676e-2 -9.68249152333658103e-2 -4.83492230272595316e-2 -6.87783372392714401e-4 1.29790271338011631e-1 3.55922121389794649e-2 -1.42318900248238588e-2 2.62613673290448130e-2 1.57738920551437137e-3 -1.24616400113823661e-1 -1.81194896967248019e-2 -1.01971267355371736e-1 4.60819284877620888e-2 2.02220962185711492e-3 -6.86618736572314342e-2 -6.35241573671008752e-2 -4.61387364282056598e-3 1.32500248173529431e-2 -8.91218558233415753e-2 -2.09704262978483227e-2 -3.37329554395059059e-2 -4.81214886500012234e-2 -1.72425232744815443e-2 -1.28420411271752466e-1 7.73566984021979154e-2 1.90513287936869072e-2 1.66331478123484672e-3 4.84258700819379870e-2 -3.46922739771623884e-2 7.03730022946374816e-3 1.61871210645801539e-1 5.56898571205534446e-2 -9.13806429266159348e-2 2.53751117883884922e-3 1.36170865382725687e-1 -4.58169464807935203e-2 3.13179966511685920e-2 -7.91704830994748865e-2 1.60815327291573620e-3 -8.35987552962873595e-3 2.92721894446841061e-2 -3.07195461122315196e-2 4.32216659806769349e-2 -6.95579466208134933e-2 -2.37562113761827474e-2 -6.38957065519433175e-3 9.31787146879906047e-3 -2.27027915424260311e-2 7.98052993148052128e-4 8.37781208959976487e-2 3.09343805220198415e-2 -3.84150576943675728e-2 7.69500930927265597e-2 9.35255950969058059e-2 -2.16633938700160518e-2 -4.23109818502209051e-2 1.12397588627372411e-1 8.89636591767319213e-2 -4.23032126509797907e-2 6.99035995689993722e-2 2.69121537020701532e-2 8.03093804607350747e-3 -2.57522181797330205e-2 3.89765862999558038e-2 4.71575664101044761e-2 -2.83027396262900618e-2 -9.51116397231301369e-2 1.54885905243649664e-2 1.57986645265699499e-1 -9.13520778114183807e-3 -8.35234860481239849e-2 4.52798986069874038e-2 -2.30423260323503118e-2 -6.25994359134214445e-2 3.32219565164409147e-2 -7.18097885303765893e-2 4.45036418244580678e-2 -6.41133738555347138e-2 -1.23747741791108614e-2 -1.45291476148818963e-2 -3.43149028295031827e-3 -5.98855006083439528e-3 -5.90879325800570399e-2 -6.72376853009349074e-2 -1.32711515187705423e-2 -3.67330674075415364e-2 -1.27567527664824501e-2 -1.12288099297725541e-1 3.87318894444513145e-2 -4.70853620468019984e-2 1.08670226415605621e-2 -4.83535491017007130e-3 8.88143621018067098e-3 4.28245454130897901e-2 1.11105366873803124e-1 2.80455970611322887e-2 -6.44738637675803666e-2 -2.98235881805514781e-2 1.03924117721446344e-1 -5.78719536054220218e-3 -1.30395658959243810e-2 -7.77524809994891396e-3 2.81471512360529433e-2 6.81967881458452468e-2 -7.74090825151525080e-4 1.91167908843209410e-2 6.92094022068909798e-2 -4.02958163561475957e-2 2.80065563591966500e-2 5.83490614915957370e-2 2.01072530692750842e-2 -1.95332570491329287e-2 -4.35007920446658924e-2 5.74999192154164035e-2 -7.50931532847009045e-3 -1.36133275247589686e-2 9.28842114720517531e-2 5.97345424174133000e-2 4.97014887297461891e-2 3.14409333199935775e-2 1.04745154961134998e-1 9.38969233334748798e-2 -6.53026488622982099e-2 6.09231168005942569e-2 5.97082373851025167e-2 5.75924025209103782e-3 -3.84626063148227476e-2 4.71946282174170659e-3 5.08159085306045810e-2 -6.83112794476615354e-2 -7.32725922394506096e-2 7.00144275280978334e-2 1.85346552136102238e-1 6.19776789475260659e-2 -5.50464801891646996e-2 5.24785621901001711e-2 -4.73135751587698619e-2 -6.76734937429256528e-2 2.36280762915990830e-2 -5.22667667574687606e-2 3.34794049228382268e-2 -7.04254565672864652e-2 6.29425273938023690e-3 -4.04723358586124311e-3 2.58804348948259502e-3 -6.53496937857434429e-2 -3.23717510438991940e-2 -3.96206171441182281e-2 -3.27621883848264357e-3 -2.97426111937606173e-2 2.90757867726099684e-2 -1.08142474130822730e-1 4.25621990777517029e-2 -6.19161021283183843e-2 -6.21702608517571767e-3 -4.82849087543402236e-2 3.65463438142867164e-2 -9.02612710283475124e-3 9.22098746840268046e-2 4.50634965385372926e-2 -9.98673447750820092e-2 -2.64739340766431963e-2 7.99616002651151736e-2 1.11669933305416462e-2 -5.16305331025080291e-2 -5.39386509799074723e-2 8.58203784875938014e-2 5.00222286324102788e-2 -2.41705129263070015e-2 2.95007787784421008e-2 4.83278735578492671e-2 -3.59082975196650667e-2 -1.63078742427090438e-2 6.31189162075130594e-2 -1.05034631358772272e-2 -4.88212613074754109e-2 -8.19159380945662929e-2 5.01095772837311243e-2 -3.96882088351314458e-2 -3.86327317235353809e-2 7.23987911211171342e-2 7.12786483751019495e-2 2.15524357913936815e-2 -1.17870753646355242e-2 1.08486029236100581e-1 2.11860525651160134e-2 -9.69574622563002808e-2 2.37230409870736146e-2 5.63220320752785136e-2 -2.94280621546038762e-2 -5.75383650170745373e-2 -1.08160472761030697e-2 4.08717191872825236e-2 -3.98844735385124605e-2 -1.16823651053885660e-1 -2.05424783941345708e-4 1.61967611849332338e-1 1.15879575015346899e-2 -7.76590017256068160e-2 1.58512987523896955e-2 -6.79894898167223150e-2 -4.91412128194358977e-2 4.59062984896170603e-2 -5.47233289318174235e-2 2.19272040727572781e-2 -8.15973060268277012e-2 -3.09064796321896068e-2 2.87956059696315193e-2 -1.36418767778797335e-2 -4.78178092796641974e-2 -3.60881968170639542e-2 -7.07971098143764244e-2 2.75749561612032602e-2 -2.02828437194027197e-2 -1.22576913122719750e-2 -9.56479877725440464e-2 3.21973164399243297e-2 -4.25670108852577375e-2 -5.79359841849442711e-2 -1.28871094211121320e-2 2.24149029298753646e-2 2.87515233018625221e-3 8.85543518485026326e-2 3.29306501451852238e-2 -1.16068392970433948e-1 -2.93552869528542273e-2 8.46361765784345021e-2 -9.10417185133795617e-3 -5.36268517231250630e-2 -1.99333343315883510e-2 1.35422811180724526e-2 4.45678433804462051e-2 -4.54077234745141195e-2 -3.30511912422854354e-2 4.04919915793944749e-2 -1.81921496924580643e-2 2.00237065860291207e-3 2.00957233191392699e-2 3.93968527678600910e-2 -8.58005866941410900e-3 -2.22706653583276369e-2 -1.11592365791594803e-2 -2.73590023600529808e-2 -6.58102181892677579e-2 6.75227842492341912e-2 1.04920028222749970e-1 -3.90281935777586908e-2 2.13435770578964436e-2 5.00913001913736999e-2 2.64443935437737865e-2 -6.70371366529513707e-2 1.08592497323612459e-2 3.07071392685732102e-2 -5.83869637425794286e-2 -1.25173244189914438e-2 1.74029235466210963e-3 3.97518077388051491e-2 -2.04784935614951945e-2 -1.21938224158950712e-1 -7.92867318623048656e-3 1.28645265556511013e-1 -1.29363295743642904e-2 -9.66966667335674053e-3 4.12119949151616011e-2 -5.42096163192925112e-2 -5.60993134527436321e-2 2.61793460200022213e-2 -4.19382090313027214e-2 -1.72873790323095286e-3 -6.32417197592084479e-2 -4.39291997285778321e-2 2.57876696282484039e-2 9.38393994290997319e-3 -2.37290278949322773e-2 -7.19422697417463064e-2 -3.40798142892393130e-2 1.50049582415432217e-2 -3.34844152962332359e-2 -3.19737969345969195e-2 -4.71627820668836725e-2 4.27213745162272548e-2 -1.01532570163809094e-2 -3.77790836792263815e-2 1.73364701639789481e-2 9.41849838407349260e-3 -6.70506379159436887e-3 2.97609775685257136e-2 1.30733132524072822e-2 -9.07805758956946457e-2 -3.09519545223483836e-2 9.74895100404341575e-2 8.79689623606858678e-3 -6.14529506430974842e-2 -5.51039810605771369e-2 7.02546119778117793e-3 2.61219697962993269e-2 8.43534328713160982e-3 1.19175500675086227e-2 7.22068530674332826e-2 -3.41218435704285158e-2 -2.58601772422577848e-2 -4.92152217699327356e-3 1.84572024110762831e-2 -1.64563255484122956e-3 1.35488179869801481e-2 -1.12548046954937427e-2 -4.01943390256679668e-3 -9.32927706701699028e-2 5.77473304134925869e-2 5.56511086296118257e-2 8.67897951070875813e-3 1.91838019606189146e-2 3.60850853802687638e-2 4.98352924421445603e-2 -2.47359493746349655e-2 1.92748118046400727e-2 3.17841446222299553e-2 -4.10576836674659829e-2 1.18790668293097673e-2 6.40147936996087602e-3 2.07732528131590669e-2 -1.65274074139169294e-2 -7.92575807845875696e-2 1.56565581343207395e-2 8.58745730992484108e-2 -4.13688149205521452e-3 7.48709805104404505e-3 2.05432445310370221e-2 -1.68371144948270025e-2 -4.37936294715704708e-2 1.46051340907633088e-2 2.40809979001806174e-3 -2.31012684777674032e-3 -5.78812829947839003e-2 2.53529891589353816e-3 1.14613275269357297e-2 1.98100053181218747e-2 1.58918469161943854e-2 -6.72919632787073591e-2 -4.73977063144670127e-3 -2.67059575642999390e-2 -4.02315968898899132e-2 -7.99214409113751731e-3 -2.72066623178714787e-2 3.04149013176559027e-2 -2.67634155087334846e-2 -2.63942769758842115e-2 -1.90231881443890249e-2 2.24494573234004305e-2 3.51756879392140231e-2 7.26086839611288920e-3 -2.50287228835652676e-3 -4.32343041289540014e-2 -5.72913752767180984e-2 7.47592304954424608e-2 4.51074309308562502e-2 -5.75682657047055513e-2 -5.25405633306178371e-2 4.13335919928217513e-2 2.98374965807157340e-2 1.63177586793457063e-2 3.49089782793059467e-2 5.37262432172576354e-2 -3.98232865959578033e-2 -3.32605423964980884e-2 2.09890747039827644e-2 -3.35033888580693676e-2 -2.97952191690715740e-2 -7.05791848818983908e-3 3.25256535972833632e-2 -2.79367078362445127e-2 -6.33230240621093371e-2 6.48242486931048939e-2 4.33806314714702476e-2 3.99106912968376221e-2 2.30512416298283840e-2 7.77339193750734569e-2 3.04836171213967028e-2 -2.40817386238747627e-2 -5.70409395214041895e-3 3.50301630157471428e-2 -4.85632111941272648e-2 -2.78892097204094420e-2 4.37415816680594566e-2 -8.50987836648823062e-3 -4.25670301715894706e-2 -6.92977713571664711e-2 -6.28894528332345822e-4 6.35149970542733810e-2 3.64634808172846839e-3 2.01252613176799641e-2 3.11280820669329085e-2 -2.20869966824827901e-2 -7.52935685211106043e-2 -2.06145278685975625e-2 2.57645781196916349e-2 -3.86091517484704050e-2 -4.15774082180180027e-2 -3.60696932298249992e-2 1.35173567647394050e-2 -8.53609403154355351e-3 4.99618480303033741e-5 -9.26590010654863572e-2 -2.21901563395491969e-2 -3.79235481127260243e-2 -5.30131761261624992e-2 -2.87303052254244892e-3 -1.84329898403355966e-2 1.09326637786953534e-2 -7.38314718465352959e-2 2.09597885208495649e-4 1.24760372921180890e-3 4.18868673141377518e-2 2.35272294529547329e-2 3.47113879886266560e-3 1.45325469210429159e-2 -2.93044573412354209e-2 -5.16267372828114468e-2 8.56138685718900450e-2 6.33144073469762148e-2 -5.35892981565692372e-2 -4.38688946763864940e-2 5.82514463454370524e-2 3.11614463165910058e-2 -1.69969179339948540e-2 4.26523065221783015e-3 1.90970706261660086e-2 -3.74195175217642145e-2 -4.49697708452894626e-2 5.14405216933044654e-2 -1.03589879137520151e-2 -1.47795502737585772e-2 1.42285193325111699e-2 3.44425296350257398e-2 -4.93692451446642380e-2 -4.95615482326429019e-2 3.49056258527820906e-2 5.22535494580813817e-2 7.82483195999309281e-3 1.27326111810951454e-2 4.42103102268299533e-2 6.15398563027756869e-3 -9.37756456743141752e-3 -1.43451976881282198e-2 3.11729647239603960e-2 -1.30546488409231595e-2 1.82471506881391916e-3 3.31711852433301882e-2 -2.57251229297476847e-2 -2.01175581703997679e-2 -3.64209802929507248e-2 -1.57039801918686518e-3 2.06158001982291207e-2 2.54007277387015458e-3 1.81234254474537185e-3 4.13469094465747280e-3 -8.75402750731779297e-3 -4.11698897683522441e-2 5.02346511064914736e-3 2.78401169839874209e-2 -2.17598243132147984e-2 -4.72698937683115744e-2 -1.25255757902183115e-2 6.65111307570320602e-3 -4.74216956557307195e-3 1.96828727302897077e-2 -4.82599986594462599e-2 -2.03895760462582606e-3 -4.44383962575312930e-2 -3.60447245748457684e-2 -9.84291724800782919e-3 -9.16200600180494193e-3 1.83222192652486432e-2 -4.46190635698485716e-2 -2.26097986405632140e-2 -2.85226961116295114e-3 7.24834784490943282e-3 3.67113446287888057e-2 2.82101613683331046e-2 6.18329410919028939e-3 -1.43093542241263215e-2 -3.51001344450957847e-2 4.84155724653416858e-2 3.36261582687135824e-2 -2.36420835527534866e-2 -1.93916322011009057e-3 2.74059226196710012e-2 5.79774424000523668e-3 -2.11969787153145593e-2 -8.58243931160240434e-3 -2.98034127959902976e-3 -8.79743630591871273e-3 -2.50375348651428117e-2 2.43728702274911280e-2 -1.82301948255267424e-2 -2.62341400967268309e-2 -6.86457553942143237e-3 3.02468698279298488e-2 -3.39377054887208124e-2 -9.64517437043321824e-3 1.62443042370829585e-2 4.37971556095545084e-2 -3.75743025421808319e-3 2.08478372129665135e-2 5.24368351107923347e-2 3.77575976940633037e-2 -3.16535613385288267e-2 -1.17259225424211251e-2 4.87981156499064581e-2 -2.05465525867257817e-2 -1.48864059564432962e-2 6.76445589639479428e-2 1.03832580882711641e-2 -3.23318384401984765e-3 -5.79039135312102854e-2 -2.63627335962842400e-3 3.71707097935725927e-2 -1.73110948643933615e-2 3.20432874394738394e-3 -1.75286954170562614e-2 2.55600264478431649e-2 -3.55436854781156289e-2 -4.90852137980614944e-2 6.95624919249303864e-2 7.16812097806966003e-3 -7.77315100627211653e-2 -2.44125343001964090e-2 2.06360397145698565e-2 -2.23333599330461235e-2 3.45413470568435785e-2 -7.19890149719727562e-2 -3.04190554466913683e-2 -5.32543989255286274e-2 -2.74165946488725693e-2 6.23546277407511715e-3 -4.83743527144718868e-2 3.85465118368640003e-3 -5.94932349863757232e-2 1.07442750992080768e-2 -1.45629305942146584e-2 1.73832544491442191e-2 5.66773473449508763e-2 9.15412798416142051e-3 3.68776391046591115e-2 -3.60603069568046150e-2 -6.82592064178188518e-2 5.10099980794248981e-2 3.96548236758026418e-2 -3.38592268586809519e-2 -2.18719142218907411e-2 2.72348974736478615e-2 2.25444506424647834e-2 -3.42029906628612476e-2 1.00369905124342990e-3 -3.77867822723221489e-2 -8.85897863490859791e-3 -1.25789899803756076e-2 2.18199335071023286e-2 -2.54459814283960230e-2 2.05338275999370629e-2 2.72259008767939022e-2 5.50282060126750516e-2 -5.80929862191056495e-2 2.34114200115982662e-3 1.41242920150056912e-2 5.52400808817510927e-2 9.73771436339811516e-3 2.17335716104894439e-2 9.89268052449385725e-3 1.11922765200128654e-2 -4.72581738223059363e-4 3.11207503817315405e-3 8.24413931663466049e-3 -9.33187675007874154e-3 -6.10850537309185187e-3 9.87101967359794129e-3 8.40762909967307168e-3 2.76223340466382741e-3 -9.14045476315002332e-3 -8.15426394648859770e-4 1.03079557522389453e-2 -2.47803118001208066e-3 -9.91478901858144001e-4 -1.12155734928261934e-3 7.26511076108005052e-3 -7.08791824279395802e-3 -1.07544575721324805e-2 1.06154674709565359e-2 6.32137052534371621e-3 -1.08210719930019236e-2 -1.66773319324389925e-4 4.32470434421152762e-4 -7.07541160014125113e-3 2.90072396694479552e-3 -1.05551981736293817e-2 -9.23976400501076711e-3 -7.92447468030765823e-3 -3.48635707568001373e-3 6.40711657937027661e-3 -1.02536288809153761e-2 -3.79386763762595055e-3 -9.41598185422525512e-3 8.20669071351301863e-3 -7.61312331960747359e-3 6.96011237679011741e-3 6.37072648685487429e-3 -5.00059339340108017e-3 2.82209029365980066e-3 -2.91697692508256215e-3 -1.12696959474490946e-2 8.39598416252555942e-3 8.34826976851173186e-3 -1.05517908049637607e-2 -1.07884442248717630e-2 7.83879566561444981e-3 8.49288186347603620e-3 -1.51939083868095435e-3 3.85978138525178323e-3 -3.07924530069410458e-3 -5.28282713934870481e-3 -4.62345624482747745e-5 4.88072544271268404e-3 -7.96140328237632082e-3 8.19836732446945285e-3 6.04527930883587503e-3 8.85998645732630728e-3 -7.68691573148033106e-3 -5.54854404414653873e-3 3.79727551960542089e-3 9.91349289452264984e-3 7.21594537949871336e-3 7.76285390754550067e-4
